Rk,Player,Nation,Pos,Squad,Age,Born,MP,Starts,Min,Gls,Ast,PK,PKatt,CrdY,CrdR,Gls,Ast,G+A,G-PK,G+A-PK,Matches
1,Patrick van Aanholt\Patrick-van-Aanholt,nl NED,DF,Sunderland,24,1990,33,33,2970,4,3,0,0,2,0,0.12,0.09,0.21,0.12,0.21,Matches
2,Rolando Aarons\Rolando-Aarons,eng ENG,DFMF,Newcastle Utd,19,1995,10,3,381,1,1,0,0,1,0,0.24,0.24,0.47,0.24,0.47,Matches
3,Almen Abdi\Almen-Abdi,ch SUI,MF,Watford,28,1986,32,25,1974,2,0,0,0,4,0,0.09,0.00,0.09,0.09,0.09,Matches
4,Tammy Abraham\Tammy-Abraham,eng ENG,FW,Chelsea,17,1997,2,0,55,0,0,0,0,0,0,0.00,0.00,0.00,0.00,0.00,Matches
5,Charlie Adam\Charlie-Adam,sco SCO,MF,Stoke City,29,1985,22,12,1044,1,1,0,0,6,1,0.09,0.09,0.17,0.09,0.17,Matches
6,Emmanuel Adebayor\Emmanuel-Adebayor,tg TOG,FW,Crystal Palace,31,1984,12,7,619,1,1,0,0,1,0,0.15,0.15,0.29,0.15,0.29,Matches
7,Adrián\Adrian,es ESP,GK,West Ham,28,1987,32,32,2880,0,0,0,0,1,1,0.00,0.00,0.00,0.00,0.00,Matches
8,Ibrahim Afellay\Ibrahim-Afellay,nl NED,MF,Stoke City,29,1986,31,24,2102,2,2,0,0,3,1,0.09,0.09,0.17,0.09,0.17,Matches
9,Benik Afobe\Benik-Afobe,cd COD,FW,Bournemouth,22,1993,15,12,930,4,0,0,0,0,0,0.39,0.00,0.39,0.39,0.39,Matches
10,Gabby Agbonlahor\Gabby-Agbonlahor,eng ENG,FW,Aston Villa,28,1986,15,13,1031,1,2,0,0,0,0,0.09,0.17,0.26,0.09,0.26,Matches
11,Sergio Agüero\Sergio-Aguero,ar ARG,FW,Manchester City,27,1988,30,29,2360,24,2,4,5,1,0,0.92,0.08,0.99,0.76,0.84,Matches
12,Nathan Aké\Nathan-Ake,nl NED,DF,Watford,20,1995,24,20,1875,1,0,0,0,4,1,0.05,0.00,0.05,0.05,0.05,Matches
13,Marc Albrighton\Marc-Albrighton,eng ENG,MF,Leicester City,25,1989,38,34,2749,2,6,0,0,4,0,0.07,0.20,0.26,0.07,0.26,Matches
14,Toby Alderweireld\Toby-Alderweireld,be BEL,DF,Tottenham,26,1989,38,38,3419,4,2,0,0,3,0,0.11,0.05,0.16,0.11,0.16,Matches
15,Joe Allen\Joe-Allen,wal WAL,MF,Liverpool,25,1990,19,8,735,2,1,0,0,0,0,0.24,0.12,0.37,0.24,0.37,Matches
16,Dele Alli\Dele-Alli,eng ENG,MF,Tottenham,19,1996,33,28,2470,10,9,0,0,7,0,0.36,0.33,0.69,0.36,0.69,Matches
17,Ryan Allsop\Ryan-Allsop,eng ENG,GK,Bournemouth,23,1992,1,0,45,0,0,0,0,0,0,0.00,0.00,0.00,0.00,0.00,Matches
18,Daniel Amartey\Daniel-Amartey,gh GHA,DF,Leicester City,20,1994,5,1,104,0,0,0,0,0,0,0.00,0.00,0.00,0.00,0.00,Matches
19,Jordi Amat\Jordi-Amat,es ESP,DF,Swansea City,23,1992,8,5,463,0,0,0,0,0,0,0.00,0.00,0.00,0.00,0.00,Matches
20,Jordan Amavi\Jordan-Amavi,fr FRA,DF,Aston Villa,21,1994,10,9,837,0,2,0,0,2,0,0.00,0.22,0.22,0.00,0.22,Matches
21,Nordin Amrabat\Nordin-Amrabat,ma MAR,MFFW,Watford,28,1987,12,4,506,0,0,0,0,3,1,0.00,0.00,0.00,0.00,0.00,Matches
22,José Ángel Crespo\Jose-Angel-Crespo,es ESP,FW,Aston Villa,28,1987,1,1,90,0,0,0,0,0,0,0.00,0.00,0.00,0.00,0.00,Matches
23,Victor Anichebe\Victor-Anichebe,ng NGA,FW,West Brom,27,1988,10,3,369,0,0,0,0,0,0,0.00,0.00,0.00,0.00,0.00,Matches
24,Vurnon Anita\Vurnon-Anita,nl NED,MFDF,Newcastle Utd,26,1989,28,24,2101,1,3,0,0,6,0,0.04,0.13,0.17,0.04,0.17,Matches
25,Michail Antonio\Michail-Antonio,eng ENG,MFFW,West Ham,25,1990,26,23,2057,8,3,0,0,3,0,0.35,0.13,0.48,0.35,0.48,Matches
26,Ikechi Anya\Ikechi-Anya,sco SCO,MFDF,Watford,27,1988,28,17,1686,0,1,0,0,0,0,0.00,0.05,0.05,0.00,0.05,Matches
27,Giedrius Arlauskis\Giedrius-Arlauskis,lt LTU,GK,Watford,27,1987,1,0,24,0,0,0,0,0,0,0.00,0.00,0.00,0.00,0.00,Matches
28,Marko Arnautović\Marko-Arnautovic,at AUT,MFFW,Stoke City,26,1989,34,33,2807,11,6,3,3,2,0,0.35,0.19,0.55,0.26,0.45,Matches
29,Harry Arter\Harry-Arter,ie IRL,MF,Bournemouth,25,1989,21,21,1661,1,0,0,0,7,0,0.05,0.00,0.05,0.05,0.05,Matches
30,Mikel Arteta\Mikel-Arteta,es ESP,MF,Arsenal,33,1982,9,0,169,0,0,0,0,1,0,0.00,0.00,0.00,0.00,0.00,Matches
31,Charlie Austin\Charlie-Austin,eng ENG,FW,Southampton,26,1989,7,2,211,1,0,0,0,0,0,0.43,0.00,0.43,0.43,0.43,Matches
32,André Ayew\Andre-Ayew,gh GHA,MFFW,Swansea City,25,1989,34,34,2925,12,2,0,0,5,0,0.37,0.06,0.43,0.37,0.43,Matches
33,Jordan Ayew\Jordan-Ayew,gh GHA,FW,Aston Villa,23,1991,30,27,2349,7,0,1,1,6,1,0.27,0.00,0.27,0.23,0.23,Matches
34,César Azpilicueta\Cesar-Azpilicueta,es ESP,DF,Chelsea,25,1989,37,36,3199,2,3,0,0,7,0,0.06,0.08,0.14,0.06,0.14,Matches
35,Leandro Bacuna\Leandro-Bacuna,cw CUW,DFMF,Aston Villa,23,1991,31,27,2417,1,0,0,0,7,0,0.04,0.00,0.04,0.04,0.04,Matches
36,Leighton Baines\Leighton-Baines,eng ENG,DF,Everton,30,1984,18,16,1479,2,1,1,1,0,0,0.12,0.06,0.18,0.06,0.12,Matches
37,Patrick Bamford\Patrick-Bamford,eng ENG,FW,Norwich City,21,1993,7,2,238,0,0,0,0,0,0,0.00,0.00,0.00,0.00,0.00,Matches
38,Patrick Bamford\Patrick-Bamford,eng ENG,FWMF,Crystal Palace,21,1993,6,0,124,0,0,0,0,0,0,0.00,0.00,0.00,0.00,0.00,Matches
39,Phil Bardsley\Phil-Bardsley,sco SCO,DF,Stoke City,30,1985,11,9,817,0,1,0,0,1,0,0.00,0.11,0.11,0.00,0.11,Matches
40,Ross Barkley\Ross-Barkley,eng ENG,MF,Everton,21,1993,38,36,3075,8,8,2,2,4,0,0.23,0.23,0.47,0.18,0.41,Matches
41,Modou Barrow\Modou-Barrow,gm GAM,MFFW,Swansea City,22,1992,22,6,791,1,2,0,0,0,0,0.11,0.23,0.34,0.11,0.34,Matches
42,Gareth Barry\Gareth-Barry,eng ENG,MF,Everton,34,1981,33,32,2837,0,1,0,0,6,1,0.00,0.03,0.03,0.00,0.03,Matches
43,Kyle Bartley\Kyle-Bartley,eng ENG,DF,Swansea City,24,1991,5,3,286,0,0,0,0,2,0,0.00,0.00,0.00,0.00,0.00,Matches
44,Sébastien Bassong\Sebastien-Bassong,cm CMR,DF,Norwich City,29,1986,32,30,2790,1,0,0,0,4,0,0.03,0.00,0.03,0.03,0.03,Matches
45,Asmir Begović\Asmir-Begovic,ba BIH,GK,Chelsea,28,1987,17,15,1399,0,0,0,0,0,0,0.00,0.00,0.00,0.00,0.00,Matches
46,Valon Behrami\Valon-Behrami,ch SUI,MF,Watford,30,1985,21,14,1279,0,1,0,0,3,1,0.00,0.07,0.07,0.00,0.07,Matches
47,Héctor Bellerín\Hector-Bellerin,es ESP,DF,Arsenal,20,1995,36,36,3240,1,5,0,0,3,0,0.03,0.14,0.17,0.03,0.17,Matches
48,Yohan Benalouane\Yohan-Benalouane,tn TUN,DF,Leicester City,28,1987,4,0,68,0,0,0,0,1,0,0.00,0.00,0.00,0.00,0.00,Matches
49,Ryan Bennett\Ryan-Bennett,eng ENG,DF,Norwich City,25,1990,22,20,1837,0,0,0,0,7,0,0.00,0.00,0.00,0.00,0.00,Matches
50,Nabil Bentaleb\Nabil-Bentaleb,dz ALG,MF,Tottenham,20,1994,5,2,170,0,0,0,0,1,0,0.00,0.00,0.00,0.00,0.00,Matches
51,Christian Benteke\Christian-Benteke,be BEL,FW,Liverpool,24,1990,29,14,1529,9,3,1,1,2,0,0.53,0.18,0.71,0.47,0.65,Matches
52,Saido Berahino\Saido-Berahino,bi BDI,FWMF,West Brom,21,1993,31,17,1746,4,0,0,2,0,0,0.21,0.00,0.21,0.21,0.21,Matches
53,Steven Berghuis\Steven-Berghuis,nl NED,FWMF,Watford,23,1991,9,0,231,0,2,0,0,2,0,0.00,0.78,0.78,0.00,0.78,Matches
54,Ryan Bertrand\Ryan-Bertrand,eng ENG,DFMF,Southampton,25,1989,32,32,2880,1,3,1,1,6,0,0.03,0.09,0.12,0.00,0.09,Matches
55,Muhamed Bešić\Muhamed-Besic,ba BIH,MFDF,Everton,22,1992,12,7,558,0,0,0,0,1,0,0.00,0.00,0.00,0.00,0.00,Matches
56,Mame Biram Diouf\Mame-Biram-Diouf,sn SEN,FWMF,Stoke City,27,1987,26,12,1278,5,1,0,0,3,0,0.35,0.07,0.42,0.35,0.42,Matches
57,Daley Blind\Daley-Blind,nl NED,DF,Manchester Utd,25,1990,35,35,3114,1,1,0,0,2,0,0.03,0.03,0.06,0.03,0.06,Matches
58,Hiram Boateng\Hiram-Boateng,eng ENG,MF,Crystal Palace,19,1996,1,0,19,0,0,0,0,0,0,0.00,0.00,0.00,0.00,0.00,Matches
59,Ádám Bogdán\Adam-Bogdan,hu HUN,GK,Liverpool,27,1987,2,2,180,0,0,0,0,0,0,0.00,0.00,0.00,0.00,0.00,Matches
60,Yannick Bolasie\Yannick-Bolasie,cd COD,MFFW,Crystal Palace,26,1989,26,23,2075,5,3,0,0,2,0,0.22,0.13,0.35,0.22,0.35,Matches
61,Wilfried Bony\Wilfried-Bony,ci CIV,FW,Manchester City,26,1988,26,13,1226,4,3,0,1,1,0,0.29,0.22,0.51,0.29,0.51,Matches
62,Fabio Borini\Fabio-Borini,it ITA,MFFW,Sunderland,24,1991,26,22,1891,5,2,1,1,6,0,0.24,0.10,0.33,0.19,0.29,Matches
63,Cameron Borthwick-Jackson\Cameron-Borthwick-Jackson,eng ENG,DF,Manchester Utd,18,1997,10,6,695,0,1,0,0,0,0,0.00,0.13,0.13,0.00,0.13,Matches
64,Artur Boruc\Artur-Boruc,pl POL,GK,Bournemouth,35,1980,32,32,2880,0,0,0,0,2,0,0.00,0.00,0.00,0.00,0.00,Matches
65,Robbie Brady\Robbie-Brady,ie IRL,MFDF,Norwich City,23,1992,36,34,2984,3,2,0,0,3,0,0.09,0.06,0.15,0.09,0.15,Matches
66,Cameron Brannagan\Cameron-Brannagan,eng ENG,MF,Liverpool,19,1996,3,1,114,0,0,0,0,0,0,0.00,0.00,0.00,0.00,0.00,Matches
67,Miguel Britos\Miguel-Britos,uy URU,DF,Watford,30,1985,24,24,2073,0,0,0,0,7,0,0.00,0.00,0.00,0.00,0.00,Matches
68,Leon Britton\Leon-Britton,eng ENG,MF,Swansea City,32,1982,25,19,1520,0,0,0,0,4,0,0.00,0.00,0.00,0.00,0.00,Matches
69,Wes Brown\Wes-Brown,eng ENG,DF,Sunderland,35,1979,6,6,540,0,0,0,0,1,0,0.00,0.00,0.00,0.00,0.00,Matches
70,Tyias Browning\Tyias-Browning,eng ENG,DF,Everton,21,1994,5,3,300,0,0,0,0,1,0,0.00,0.00,0.00,0.00,0.00,Matches
71,Chris Brunt\Chris-Brunt,nir NIR,DFMF,West Brom,30,1984,22,20,1800,0,3,0,0,7,0,0.00,0.15,0.15,0.00,0.15,Matches
72,Mark Bunn\Mark-Bunn,eng ENG,GK,Aston Villa,30,1984,10,10,900,0,0,0,0,2,0,0.00,0.00,0.00,0.00,0.00,Matches
73,Jack Butland\Jack-Butland,eng ENG,GK,Stoke City,22,1993,31,31,2790,0,0,0,0,0,0,0.00,0.00,0.00,0.00,0.00,Matches
74,Sam Byram\Sam-Byram,eng ENG,DF,West Ham,21,1993,4,2,288,0,0,0,0,3,0,0.00,0.00,0.00,0.00,0.00,Matches
75,Willy Caballero\Willy-Caballero,ar ARG,GK,Manchester City,33,1981,4,3,311,0,0,0,0,0,0,0.00,0.00,0.00,0.00,0.00,Matches
76,Yohan Cabaye\Yohan-Cabaye,fr FRA,MF,Crystal Palace,29,1986,33,32,2689,5,1,3,4,7,0,0.17,0.03,0.20,0.07,0.10,Matches
77,Gary Cahill\Gary-Cahill,eng ENG,DF,Chelsea,29,1985,23,21,1957,2,1,0,0,2,0,0.09,0.05,0.14,0.09,0.14,Matches
78,Geoff Cameron\Geoff-Cameron,us USA,DFMF,Stoke City,30,1985,30,27,2359,0,0,0,0,0,1,0.00,0.00,0.00,0.00,0.00,Matches
79,Fraizer Campbell\Fraizer-Campbell,eng ENG,FW,Crystal Palace,27,1987,11,4,362,0,0,0,0,1,0,0.00,0.00,0.00,0.00,0.00,Matches
80,Joel Campbell\Joel-Campbell,cr CRC,MF,Arsenal,23,1992,19,11,884,3,2,0,0,0,0,0.31,0.20,0.51,0.31,0.51,Matches
81,Emre Can\Emre-Can,de GER,MFDF,Liverpool,21,1994,30,28,2491,1,0,0,0,9,0,0.04,0.00,0.04,0.04,0.04,Matches
82,Sergi Canós\Sergi-Canos,es ESP,FWMF,Liverpool,18,1997,1,0,10,0,0,0,0,0,0,0.00,0.00,0.00,0.00,0.00,Matches
83,Étienne Capoue\Etienne-Capoue,fr FRA,MF,Watford,27,1988,33,33,2814,0,1,0,0,7,0,0.00,0.03,0.03,0.00,0.03,Matches
84,Juan Carlos Paredes\Juan-Carlos-Paredes,ec ECU,DFMF,Watford,28,1987,17,7,771,0,0,0,0,1,0,0.00,0.00,0.00,0.00,0.00,Matches
85,João Carlos Teixeira\Joao-Carlos-Teixeira,pt POR,MF,Liverpool,22,1993,1,0,4,0,0,0,0,0,0,0.00,0.00,0.00,0.00,0.00,Matches
86,Michael Carrick\Michael-Carrick,eng ENG,MF,Manchester Utd,34,1981,28,22,1972,0,0,0,0,4,0,0.00,0.00,0.00,0.00,0.00,Matches
87,Andy Carroll\Andy-Carroll,eng ENG,FW,West Ham,26,1989,27,13,1440,9,2,1,1,2,0,0.56,0.12,0.69,0.50,0.62,Matches
88,Tom Carroll\Tom-Carroll,eng ENG,MF,Tottenham,23,1992,19,4,515,1,0,0,0,3,0,0.17,0.00,0.17,0.17,0.17,Matches
89,Craig Cathcart\Craig-Cathcart,nir NIR,DF,Watford,26,1989,35,34,3034,1,0,0,0,3,0,0.03,0.00,0.03,0.03,0.03,Matches
90,Lee Cattermole\Lee-Cattermole,eng ENG,MF,Sunderland,27,1988,31,27,2210,0,0,0,0,8,0,0.00,0.00,0.00,0.00,0.00,Matches
91,Steven Caulker\Steven-Caulker,eng ENG,DF,Southampton,23,1991,3,1,146,0,0,0,0,0,0,0.00,0.00,0.00,0.00,0.00,Matches
92,Steven Caulker\Steven-Caulker,eng ENG,DF,Liverpool,23,1991,3,0,5,0,0,0,0,0,0,0.00,0.00,0.00,0.00,0.00,Matches
93,Santi Cazorla\Santi-Cazorla,es ESP,MF,Arsenal,30,1984,15,15,1291,0,3,0,1,3,1,0.00,0.21,0.21,0.00,0.21,Matches
94,Petr Čech\Petr-Cech,cz CZE,GK,Arsenal,33,1982,34,34,3060,0,0,0,0,0,0,0.00,0.00,0.00,0.00,0.00,Matches
95,Bersant Celina\Bersant-Celina,xk KVX,FWMF,Manchester City,18,1996,1,0,14,0,1,0,0,0,0,0.00,6.43,6.43,0.00,6.43,Matches
96,Nacer Chadli\Nacer-Chadli,be BEL,MF,Tottenham,25,1989,29,10,947,3,2,0,0,1,0,0.29,0.19,0.48,0.29,0.48,Matches
97,Marouane Chamakh\Marouane-Chamakh,ma MAR,FW,Crystal Palace,31,1984,10,1,257,0,0,0,0,1,0,0.00,0.00,0.00,0.00,0.00,Matches
98,Calum Chambers\Calum-Chambers,eng ENG,MFDF,Arsenal,20,1995,12,2,322,0,0,0,0,2,0,0.00,0.00,0.00,0.00,0.00,Matches
99,James Chester\James-Chester,wal WAL,DF,West Brom,26,1989,13,9,964,0,0,0,0,4,0,0.00,0.00,0.00,0.00,0.00,Matches
100,Pedro Chirivella\Pedro-Chirivella,es ESP,MF,Liverpool,18,1997,1,1,45,0,0,0,0,0,0,0.00,0.00,0.00,0.00,0.00,Matches
101,Lee Chung-yong\Lee-Chung-yong,kr KOR,MF,Crystal Palace,27,1988,13,4,390,1,0,0,0,0,0,0.23,0.00,0.23,0.23,0.23,Matches
102,Papiss Cissé\Papiss-Cisse,sn SEN,FW,Newcastle Utd,30,1985,21,14,1067,3,0,0,0,1,0,0.25,0.00,0.25,0.25,0.25,Matches
103,Aly Cissokho\Aly-Cissokho,fr FRA,DF,Aston Villa,27,1987,18,18,1603,0,0,0,0,3,1,0.00,0.00,0.00,0.00,0.00,Matches
104,Ciaran Clark\Ciaran-Clark,ie IRL,DF,Aston Villa,25,1989,18,16,1442,1,0,0,0,6,0,0.06,0.00,0.06,0.06,0.06,Matches
105,Jake Clarke-Salter\Jake-Clarke-Salter,eng ENG,DF,Chelsea,17,1997,1,0,17,0,0,0,0,0,0,0.00,0.00,0.00,0.00,0.00,Matches
106,Jordy Clasie\Jordy-Clasie,nl NED,MF,Southampton,24,1991,22,20,1538,0,0,0,0,5,0,0.00,0.00,0.00,0.00,0.00,Matches
107,Tom Cleverley\Tom-Cleverley,eng ENG,MF,Everton,25,1989,22,17,1612,2,4,0,0,1,0,0.11,0.22,0.33,0.11,0.33,Matches
108,Gaël Clichy\Gael-Clichy,fr FRA,DF,Manchester City,30,1985,14,12,1087,0,1,0,0,0,0,0.00,0.08,0.08,0.00,0.08,Matches
109,Nathaniel Clyne\Nathaniel-Clyne,eng ENG,DF,Liverpool,24,1991,33,33,2970,1,0,0,0,6,0,0.03,0.00,0.03,0.03,0.03,Matches
110,Sebastián Coates\Sebastian-Coates,uy URU,DF,Sunderland,24,1990,16,14,1229,0,3,0,0,4,0,0.00,0.22,0.22,0.00,0.22,Matches
111,Jack Colback\Jack-Colback,eng ENG,MF,Newcastle Utd,25,1989,29,28,2387,1,1,0,0,11,0,0.04,0.04,0.08,0.04,0.08,Matches
112,Séamus Coleman\Seamus-Coleman,ie IRL,DF,Everton,26,1988,28,27,2383,1,3,0,0,4,0,0.04,0.11,0.15,0.04,0.15,Matches
113,James Collins\James-Collins,wal WAL,DF,West Ham,31,1983,19,16,1441,0,0,0,0,3,1,0.00,0.00,0.00,0.00,0.00,Matches
114,Fabricio Coloccini\Fabricio-Coloccini,ar ARG,DF,Newcastle Utd,33,1982,26,26,2292,1,0,0,0,1,1,0.04,0.00,0.04,0.04,0.04,Matches
115,Callum Connolly\Callum-Connolly,eng ENG,DFMF,Everton,17,1997,1,0,37,0,0,0,0,0,0,0.00,0.00,0.00,0.00,0.00,Matches
116,Steve Cook\Steve-Cook,eng ENG,DF,Bournemouth,24,1991,36,36,3195,4,0,0,0,5,0,0.11,0.00,0.11,0.11,0.11,Matches
117,Francis Coquelin\Francis-Coquelin,fr FRA,MF,Arsenal,24,1991,26,21,1644,0,0,0,0,6,1,0.00,0.00,0.00,0.00,0.00,Matches
118,Jack Cork\Jack-Cork,eng ENG,MF,Swansea City,26,1989,35,28,2546,1,2,0,0,3,0,0.04,0.07,0.11,0.04,0.11,Matches
119,Diego Costa\Diego-Costa,es ESP,FW,Chelsea,26,1988,28,27,2373,12,6,0,0,8,0,0.46,0.23,0.68,0.46,0.68,Matches
120,Thibaut Courtois\Thibaut-Courtois,be BEL,GK,Chelsea,23,1992,23,23,2020,0,0,0,0,1,2,0.00,0.00,0.00,0.00,0.00,Matches
121,Philippe Coutinho\Philippe-Coutinho,br BRA,MFFW,Liverpool,23,1992,26,24,1996,8,5,0,0,3,1,0.36,0.23,0.59,0.36,0.59,Matches
122,Aaron Cresswell\Aaron-Cresswell,eng ENG,DF,West Ham,25,1989,37,37,3314,2,4,0,0,1,0,0.05,0.11,0.16,0.05,0.16,Matches
123,Peter Crouch\Peter-Crouch,eng ENG,FW,Stoke City,34,1981,11,4,463,0,1,0,0,0,0,0.00,0.19,0.19,0.00,0.19,Matches
124,Juan Cuadrado\Juan-Cuadrado,co COL,DFFW,Chelsea,27,1988,1,0,27,0,0,0,0,0,0,0.00,0.00,0.00,0.00,0.00,Matches
125,Josh Cullen\Josh-Cullen,ie IRL,DFMF,West Ham,19,1996,1,0,1,0,0,0,0,0,0,0.00,0.00,0.00,0.00,0.00,Matches
126,Charlie Daniels\Charlie-Daniels,eng ENG,DF,Bournemouth,28,1986,37,37,3285,3,5,2,2,2,0,0.08,0.14,0.22,0.03,0.16,Matches
127,Scott Dann\Scott-Dann,eng ENG,DF,Crystal Palace,28,1987,35,35,3150,5,1,0,0,7,0,0.14,0.03,0.17,0.14,0.17,Matches
128,Karl Darlow\Karl-Darlow,eng ENG,GK,Newcastle Utd,24,1990,9,9,810,0,0,0,0,0,0,0.00,0.00,0.00,0.00,0.00,Matches
129,Matteo Darmian\Matteo-Darmian,it ITA,DF,Manchester Utd,25,1989,28,24,1924,1,0,0,0,8,0,0.05,0.00,0.05,0.05,0.05,Matches
130,Ben Davies\Ben-Davies,wal WAL,DF,Tottenham,22,1993,17,14,1291,0,2,0,0,3,0,0.00,0.14,0.14,0.00,0.14,Matches
131,Tom Davies\Tom-Davies,eng ENG,FW,Everton,17,1998,2,1,98,0,0,0,0,0,0,0.00,0.00,0.00,0.00,0.00,Matches
132,Kelvin Davis\Kelvin-Davis,eng ENG,GK,Southampton,38,1976,1,1,90,0,0,0,0,0,0,0.00,0.00,0.00,0.00,0.00,Matches
133,Steven Davis\Steven-Davis,nir NIR,MF,Southampton,30,1985,34,31,2602,5,3,0,0,4,0,0.17,0.10,0.28,0.17,0.28,Matches
134,Craig Dawson\Craig-Dawson,eng ENG,DF,West Brom,25,1990,38,38,3384,4,0,0,0,3,0,0.11,0.00,0.11,0.11,0.11,Matches
135,Kevin De Bruyne\Kevin-De-Bruyne,be BEL,MF,Manchester City,24,1991,25,22,2002,7,9,0,0,2,0,0.31,0.40,0.72,0.31,0.72,Matches
136,Ritchie De Laet\Ritchie-De-Laet,be BEL,DF,Leicester City,26,1988,12,7,657,1,0,0,0,1,0,0.14,0.00,0.14,0.14,0.14,Matches
137,Mathieu Debuchy\Mathieu-Debuchy,fr FRA,DF,Arsenal,30,1985,2,2,142,0,0,0,0,0,0,0.00,0.00,0.00,0.00,0.00,Matches
138,Troy Deeney\Troy-Deeney,eng ENG,FWMF,Watford,27,1988,38,36,3291,13,7,6,7,6,0,0.36,0.19,0.55,0.19,0.38,Matches
139,Jermain Defoe\Jermain-Defoe,eng ENG,FW,Sunderland,32,1982,33,28,2550,15,1,1,1,3,0,0.53,0.04,0.56,0.49,0.53,Matches
140,Damien Delaney\Damien-Delaney,ie IRL,DF,Crystal Palace,34,1981,32,32,2880,2,3,0,0,2,0,0.06,0.09,0.16,0.06,0.16,Matches
141,Fabian Delph\Fabian-Delph,eng ENG,MF,Manchester City,25,1989,17,8,753,2,0,0,0,0,0,0.24,0.00,0.24,0.24,0.24,Matches
142,Mousa Dembélé\Mousa-Dembele,be BEL,MF,Tottenham,28,1987,29,27,2265,3,1,0,0,3,0,0.12,0.04,0.16,0.12,0.16,Matches
143,Martín Demichelis\Martin-Demichelis,ar ARG,DF,Manchester City,34,1980,20,10,1021,0,0,0,0,3,0,0.00,0.00,0.00,0.00,0.00,Matches
144,Memphis Depay\Memphis-Depay,nl NED,MF,Manchester Utd,21,1994,29,16,1484,2,0,0,0,2,0,0.12,0.00,0.12,0.12,0.12,Matches
145,Gerard Deulofeu\Gerard-Deulofeu,es ESP,MFFW,Everton,21,1994,26,16,1383,2,8,0,0,2,0,0.13,0.52,0.65,0.13,0.65,Matches
146,Alessandro Diamanti\Alessandro-Diamanti,it ITA,FWMF,Watford,32,1983,3,0,67,0,0,0,0,0,0,0.00,0.00,0.00,0.00,0.00,Matches
147,Eric Dier\Eric-Dier,eng ENG,MF,Tottenham,21,1994,37,37,3263,3,2,0,0,10,0,0.08,0.06,0.14,0.08,0.14,Matches
148,Virgil van Dijk\Virgil-van-Dijk,nl NED,DF,Southampton,24,1991,34,34,3060,3,0,0,0,2,0,0.09,0.00,0.09,0.09,0.09,Matches
149,Sylvain Distin\Sylvain-Distin,fr FRA,DF,Bournemouth,37,1977,12,9,843,0,0,0,0,0,0,0.00,0.00,0.00,0.00,0.00,Matches
150,Joe Dodoo\Joe-Dodoo,eng ENG,FW,Leicester City,20,1995,1,0,20,0,0,0,0,0,0,0.00,0.00,0.00,0.00,0.00,Matches
151,Graham Dorrans\Graham-Dorrans,sco SCO,MF,Norwich City,28,1987,21,14,1287,0,1,0,0,2,0,0.00,0.07,0.07,0.00,0.07,Matches
152,Seydou Doumbia\Seydou-Doumbia,ci CIV,FW,Newcastle Utd,27,1987,3,0,32,0,0,0,0,0,0,0.00,0.00,0.00,0.00,0.00,Matches
153,Kieran Dowell\Kieran-Dowell,eng ENG,MF,Everton,17,1997,2,1,72,0,0,0,0,0,0,0.00,0.00,0.00,0.00,0.00,Matches
154,Danny Drinkwater\Danny-Drinkwater,eng ENG,MF,Leicester City,25,1990,35,35,3033,3,7,0,0,4,1,0.09,0.21,0.30,0.09,0.30,Matches
155,Paul Dummett\Paul-Dummett,wal WAL,DF,Newcastle Utd,23,1991,23,23,1892,1,0,0,0,3,0,0.05,0.00,0.05,0.05,0.05,Matches
156,Nathan Dyer\Nathan-Dyer,eng ENG,FWMF,Leicester City,27,1987,12,0,220,1,0,0,0,1,0,0.41,0.00,0.41,0.41,0.41,Matches
157,Nathan Dyer\Nathan-Dyer,eng ENG,FWMF,Swansea City,27,1987,1,0,19,0,1,0,0,0,0,0.00,4.74,4.74,0.00,4.74,Matches
158,Éder\Eder,pt POR,FW,Swansea City,27,1987,13,2,276,0,0,0,0,0,0,0.00,0.00,0.00,0.00,0.00,Matches
159,Rob Elliot\Rob-Elliot,ie IRL,GK,Newcastle Utd,29,1986,21,21,1890,0,0,0,0,1,0,0.00,0.00,0.00,0.00,0.00,Matches
160,Mohamed Elneny\Mohamed-Elneny,eg EGY,MF,Arsenal,23,1992,11,9,792,0,1,0,0,3,0,0.00,0.11,0.11,0.00,0.11,Matches
161,Tommy Elphick\Tommy-Elphick,eng ENG,DF,Bournemouth,27,1987,12,11,1013,1,0,0,0,1,0,0.09,0.00,0.09,0.09,0.09,Matches
162,Emmanuel Emenike\Emmanuel-Emenike,ng NGA,FWMF,West Ham,28,1987,13,5,512,0,0,0,0,0,0,0.00,0.00,0.00,0.00,0.00,Matches
163,Marvin Emnes\Marvin-Emnes,nl NED,MF,Swansea City,27,1988,2,1,66,0,0,0,0,0,0,0.00,0.00,0.00,0.00,0.00,Matches
164,Christian Eriksen\Christian-Eriksen,dk DEN,MF,Tottenham,23,1992,35,33,2933,6,13,0,0,2,0,0.18,0.40,0.58,0.18,0.58,Matches
165,Jonny Evans\Jonny-Evans,nir NIR,DFMF,West Brom,27,1988,30,30,2590,1,1,0,0,4,0,0.03,0.03,0.07,0.03,0.07,Matches
166,Łukasz Fabiański\Lukasz-Fabianski,pl POL,GK,Swansea City,30,1985,37,37,3330,0,0,0,0,1,0,0.00,0.00,0.00,0.00,0.00,Matches
167,Cesc Fàbregas\Cesc-Fabregas,es ESP,MF,Chelsea,28,1987,37,33,2895,5,7,2,2,5,0,0.16,0.22,0.37,0.09,0.31,Matches
168,Radamel Falcao\Radamel-Falcao,co COL,FW,Chelsea,29,1986,10,1,237,1,0,0,0,1,0,0.38,0.00,0.38,0.38,0.38,Matches
169,Adam Federici\Adam-Federici,au AUS,GK,Bournemouth,30,1985,6,6,495,0,0,0,0,0,0,0.00,0.00,0.00,0.00,0.00,Matches
170,Marouane Fellaini\Marouane-Fellaini,be BEL,MF,Manchester Utd,27,1987,18,12,1068,1,0,0,0,2,0,0.08,0.00,0.08,0.08,0.08,Matches
171,Leroy Fer\Leroy-Fer,nl NED,MF,Swansea City,25,1990,11,9,756,0,2,0,0,2,0,0.00,0.24,0.24,0.00,0.24,Matches
172,Federico Fernández\Federico-Fernandez,ar ARG,DF,Swansea City,26,1989,32,32,2880,1,1,0,0,3,0,0.03,0.03,0.06,0.03,0.06,Matches
173,Fernandinho\Fernandinho,br BRA,MF,Manchester City,30,1985,33,31,2729,2,2,0,0,8,0,0.07,0.07,0.13,0.07,0.13,Matches
174,Fernando\Fernando,br BRA,MF,Manchester City,28,1987,24,17,1715,2,0,0,0,4,0,0.10,0.00,0.10,0.10,0.10,Matches
175,Sam Field\Sam-Field,eng ENG,MF,West Brom,17,1998,1,0,5,0,0,0,0,0,0,0.00,0.00,0.00,0.00,0.00,Matches
176,Roberto Firmino\Roberto-Firmino,br BRA,FWMF,Liverpool,23,1991,31,24,1972,10,7,0,0,1,0,0.46,0.32,0.78,0.46,0.78,Matches
177,Mathieu Flamini\Mathieu-Flamini,fr FRA,MF,Arsenal,31,1984,16,12,1089,0,0,0,0,3,0,0.00,0.00,0.00,0.00,0.00,Matches
178,Jon Flanagan\Jon-Flanagan,eng ENG,DF,Liverpool,22,1993,5,5,420,0,1,0,0,1,0,0.00,0.21,0.21,0.00,0.21,Matches
179,Darren Fletcher\Darren-Fletcher,sco SCO,MF,West Brom,31,1984,38,38,3374,1,3,0,0,3,0,0.03,0.08,0.11,0.03,0.11,Matches
180,Steven Fletcher\Steven-Fletcher,sco SCO,FW,Sunderland,28,1987,16,11,1010,4,0,0,0,0,0,0.36,0.00,0.36,0.36,0.36,Matches
181,José Fonte\Jose-Fonte,pt POR,DF,Southampton,31,1983,37,37,3166,2,1,0,0,4,1,0.06,0.03,0.09,0.06,0.09,Matches
182,Fraser Forster\Fraser-Forster,eng ENG,GK,Southampton,27,1988,18,18,1620,0,0,0,0,0,0,0.00,0.00,0.00,0.00,0.00,Matches
183,Ben Foster\Ben-Foster,eng ENG,GK,West Brom,32,1983,15,15,1350,0,0,0,0,1,0,0.00,0.00,0.00,0.00,0.00,Matches
184,Timothy Fosu-Mensah\Timothy-Fosu-Mensah,nl NED,DF,Manchester Utd,17,1998,8,2,257,0,1,0,0,1,0,0.00,0.35,0.35,0.00,0.35,Matches
185,Simon Francis\Simon-Francis,eng ENG,DF,Bournemouth,30,1985,38,38,3387,0,4,0,0,5,1,0.00,0.11,0.11,0.00,0.11,Matches
186,Christian Fuchs\Christian-Fuchs,at AUT,DF,Leicester City,29,1986,32,30,2711,0,4,0,0,4,0,0.00,0.13,0.13,0.00,0.13,Matches
187,Jay Fulton\Jay-Fulton,sco SCO,MF,Swansea City,21,1994,2,0,21,0,0,0,0,0,0,0.00,0.00,0.00,0.00,0.00,Matches
188,Ramiro Funes Mori\Ramiro-Funes-Mori,ar ARG,DF,Everton,24,1991,28,24,2194,4,1,0,0,4,1,0.16,0.04,0.21,0.16,0.21,Matches
189,Brendan Galloway\Brendan-Galloway,eng ENG,DF,Everton,19,1996,15,14,1220,0,1,0,0,2,0,0.00,0.07,0.07,0.00,0.07,Matches
190,Cristian Gamboa\Cristian-Gamboa,cr CRC,DFMF,West Brom,25,1989,1,0,28,0,0,0,0,1,0,0.00,0.00,0.00,0.00,0.00,Matches
191,Idrissa Gana Gueye\Idrissa-Gana-Gueye,sn SEN,MF,Aston Villa,25,1989,35,35,3071,0,1,0,0,10,0,0.00,0.03,0.03,0.00,0.03,Matches
192,Manu García\Manu-Garcia,es ESP,FWMF,Manchester City,17,1998,1,0,11,0,0,0,0,0,0,0.00,0.00,0.00,0.00,0.00,Matches
193,Craig Gardner\Craig-Gardner,eng ENG,MF,West Brom,28,1986,34,20,2038,3,3,0,1,5,0,0.13,0.13,0.26,0.13,0.26,Matches
194,Dwight Gayle\Dwight-Gayle,eng ENG,FW,Crystal Palace,24,1990,16,8,771,3,0,0,0,2,1,0.35,0.00,0.35,0.35,0.35,Matches
195,Paulo Gazzaniga\Paulo-Gazzaniga,ar ARG,GK,Southampton,23,1992,2,2,180,0,0,0,0,0,0,0.00,0.00,0.00,0.00,0.00,Matches
196,David de Gea\David-de-Gea,es ESP,GK,Manchester Utd,24,1990,34,34,3060,0,0,0,0,0,0,0.00,0.00,0.00,0.00,0.00,Matches
197,Rudy Gestede\Rudy-Gestede,bj BEN,FW,Aston Villa,26,1988,32,14,1669,5,2,0,0,2,0,0.27,0.11,0.38,0.27,0.38,Matches
198,Kieran Gibbs\Kieran-Gibbs,eng ENG,DFMF,Arsenal,25,1989,15,3,391,1,0,0,0,0,0,0.23,0.00,0.23,0.23,0.23,Matches
199,Darron Gibson\Darron-Gibson,ie IRL,MF,Everton,27,1987,7,2,242,0,1,0,0,3,0,0.00,0.37,0.37,0.00,0.37,Matches
200,Carles Gil\Carles-Gil,es ESP,FWMF,Aston Villa,22,1992,23,17,1435,2,0,0,0,3,0,0.13,0.00,0.13,0.13,0.13,Matches
201,Marco van Ginkel\Marco-van-Ginkel,nl NED,MF,Stoke City,22,1992,17,8,755,0,0,0,0,0,0,0.00,0.00,0.00,0.00,0.00,Matches
202,Olivier Giroud\Olivier-Giroud,fr FRA,FW,Arsenal,28,1986,38,26,2429,16,6,1,1,2,0,0.59,0.22,0.82,0.56,0.78,Matches
203,Shay Given\Shay-Given,ie IRL,GK,Stoke City,39,1976,3,3,225,0,0,0,0,1,0,0.00,0.00,0.00,0.00,0.00,Matches
204,Serge Gnabry\Serge-Gnabry,de GER,FWMF,West Brom,20,1995,1,0,13,0,0,0,0,0,0,0.00,0.00,0.00,0.00,0.00,Matches
205,Heurelho Gomes\Heurelho-Gomes,br BRA,GK,Watford,34,1981,38,38,3396,0,0,0,0,4,0,0.00,0.00,0.00,0.00,0.00,Matches
206,Joe Gomez\Joe-Gomez,eng ENG,DFMF,Liverpool,18,1997,5,5,437,0,1,0,0,3,0,0.00,0.21,0.21,0.00,0.21,Matches
207,Jordi Gómez\Jordi-Gomez,es ESP,MF,Sunderland,30,1985,6,5,352,0,0,0,0,0,0,0.00,0.00,0.00,0.00,0.00,Matches
208,Bafétimbi Gomis\Bafetimbi-Gomis,fr FRA,FW,Swansea City,29,1985,33,18,1703,6,0,1,1,0,0,0.32,0.00,0.32,0.26,0.26,Matches
209,Dan Gosling\Dan-Gosling,eng ENG,MF,Bournemouth,25,1990,34,28,2444,3,1,0,0,6,0,0.11,0.04,0.15,0.11,0.15,Matches
210,Yoan Gouffran\Yoan-Gouffran,fr FRA,MF,Newcastle Utd,29,1986,8,2,227,0,0,0,0,0,0,0.00,0.00,0.00,0.00,0.00,Matches
211,Lewis Grabban\Lewis-Grabban,eng ENG,FW,Bournemouth,27,1988,15,4,577,0,0,0,0,2,0,0.00,0.00,0.00,0.00,0.00,Matches
212,Lewis Grabban\Lewis-Grabban,eng ENG,FW,Norwich City,27,1988,6,3,250,1,0,0,0,0,0,0.36,0.00,0.36,0.36,0.36,Matches
213,Max Gradel\Max-Gradel,ci CIV,MF,Bournemouth,27,1987,14,11,891,1,2,0,0,1,0,0.10,0.20,0.30,0.10,0.30,Matches
214,Danny Graham\Danny-Graham,eng ENG,FW,Sunderland,29,1985,10,4,360,0,0,0,0,0,0,0.00,0.00,0.00,0.00,0.00,Matches
215,Demarai Gray\Demarai-Gray,eng ENG,MF,Leicester City,19,1996,12,1,187,0,1,0,0,0,0,0.00,0.48,0.48,0.00,0.48,Matches
216,Jack Grealish\Jack-Grealish,eng ENG,MFFW,Aston Villa,19,1995,16,9,833,1,0,0,0,1,0,0.11,0.00,0.11,0.11,0.11,Matches
217,André Green\Andre-Green,eng ENG,FWMF,Aston Villa,17,1998,2,0,59,0,0,0,0,0,0,0.00,0.00,0.00,0.00,0.00,Matches
218,Rees Greenwood\Rees-Greenwood,eng ENG,MF,Sunderland,18,1996,1,1,51,0,0,0,0,0,0,0.00,0.00,0.00,0.00,0.00,Matches
219,Matt Grimes\Matt-Grimes,eng ENG,DF,Swansea City,20,1995,1,1,90,0,0,0,0,0,0,0.00,0.00,0.00,0.00,0.00,Matches
220,Adlène Guedioura\Adlene-Guedioura,dz ALG,MF,Watford,29,1985,18,3,430,0,2,0,0,2,0,0.00,0.42,0.42,0.00,0.42,Matches
221,Brad Guzan\Brad-Guzan,us USA,GK,Aston Villa,30,1984,28,28,2520,0,0,0,0,2,0,0.00,0.00,0.00,0.00,0.00,Matches
222,Massadio Haïdara\Massadio-Haidara,ml MLI,DF,Newcastle Utd,22,1992,7,6,555,0,0,0,0,1,0,0.00,0.00,0.00,0.00,0.00,Matches
223,Brede Hangeland\Brede-Hangeland,no NOR,DF,Crystal Palace,34,1981,7,7,630,0,0,0,0,2,0,0.00,0.00,0.00,0.00,0.00,Matches
224,Joe Hart\Joe-Hart,eng ENG,GK,Manchester City,28,1987,35,35,3109,0,0,0,0,0,0,0.00,0.00,0.00,0.00,0.00,Matches
225,Jakob Haugaard\Jakob-Haugaard,dk DEN,GK,Stoke City,23,1992,5,4,405,0,0,0,0,0,0,0.00,0.00,0.00,0.00,0.00,Matches
226,Eden Hazard\Eden-Hazard,be BEL,MFFW,Chelsea,24,1991,31,25,2191,4,3,0,0,2,0,0.16,0.12,0.29,0.16,0.29,Matches
227,Jordan Henderson\Jordan-Henderson,eng ENG,MF,Liverpool,25,1990,17,15,1290,2,3,0,0,1,0,0.14,0.21,0.35,0.14,0.35,Matches
228,Wayne Hennessey\Wayne-Hennessey,wal WAL,GK,Crystal Palace,28,1987,29,29,2610,0,0,0,0,1,0,0.00,0.00,0.00,0.00,0.00,Matches
229,Rushian Hepburn-Murphy\Rushian-Hepburn-Murphy,eng ENG,FW,Aston Villa,16,1998,1,0,1,0,0,0,0,0,0,0.00,0.00,0.00,0.00,0.00,Matches
230,Javier Hernández\Javier-Hernandez,mx MEX,FW,Manchester Utd,27,1988,1,0,24,0,0,0,0,0,0,0.00,0.00,0.00,0.00,0.00,Matches
231,Ander Herrera\Ander-Herrera,es ESP,MF,Manchester Utd,25,1989,27,17,1532,3,2,1,1,4,0,0.18,0.12,0.29,0.12,0.23,Matches
232,Son Heung-min\Son-Heung-min,kr KOR,MF,Tottenham,23,1992,28,13,1107,4,1,0,0,0,0,0.33,0.08,0.41,0.33,0.41,Matches
233,Tony Hibbert\Tony-Hibbert,eng ENG,DF,Everton,34,1981,1,0,45,0,0,0,0,0,0,0.00,0.00,0.00,0.00,0.00,Matches
234,José Holebas\Jose-Holebas,gr GRE,DF,Watford,31,1984,11,11,945,1,0,0,0,2,0,0.10,0.00,0.10,0.10,0.10,Matches
235,George Honeyman\George-Honeyman,eng ENG,MF,Sunderland,20,1994,1,0,39,0,0,0,0,0,0,0.00,0.00,0.00,0.00,0.00,Matches
236,Wes Hoolahan\Wes-Hoolahan,ie IRL,MF,Norwich City,33,1982,30,25,1991,4,8,1,1,1,0,0.18,0.36,0.54,0.14,0.50,Matches
237,Gary Hooper\Gary-Hooper,eng ENG,FW,Norwich City,27,1988,2,0,13,0,0,0,0,0,0,0.00,0.00,0.00,0.00,0.00,Matches
238,Tim Howard\Tim-Howard,us USA,GK,Everton,36,1979,25,25,2250,0,0,0,0,1,0,0.00,0.00,0.00,0.00,0.00,Matches
239,Jonny Howson\Jonny-Howson,eng ENG,MF,Norwich City,27,1988,36,33,2951,3,4,0,0,7,0,0.09,0.12,0.21,0.09,0.21,Matches
240,Robert Huth\Robert-Huth,de GER,DF,Leicester City,30,1984,35,35,3150,3,0,0,0,8,0,0.09,0.00,0.09,0.09,0.09,Matches
241,Alan Hutton\Alan-Hutton,sco SCO,DF,Aston Villa,30,1984,28,26,2331,0,1,0,0,7,1,0.00,0.04,0.04,0.00,0.04,Matches
242,Víctor Ibarbo\Victor-Ibarbo,co COL,FWMF,Watford,25,1990,4,0,68,0,0,0,0,0,0,0.00,0.00,0.00,0.00,0.00,Matches
243,Jordon Ibe\Jordon-Ibe,eng ENG,MFFW,Liverpool,19,1995,27,12,1178,1,2,0,0,0,0,0.08,0.15,0.23,0.08,0.23,Matches
244,Odion Ighalo\Odion-Ighalo,ng NGA,FWMF,Watford,26,1989,37,36,3146,15,3,0,0,4,0,0.43,0.09,0.51,0.43,0.51,Matches
245,Kelechi Iheanacho\Kelechi-Iheanacho,ng NGA,FWMF,Manchester City,18,1996,26,7,766,8,1,0,0,1,0,0.94,0.12,1.06,0.94,1.06,Matches
246,Giannelli Imbula\Giannelli-Imbula,cd COD,MF,Stoke City,22,1992,14,14,1260,2,0,0,0,4,0,0.14,0.00,0.14,0.14,0.14,Matches
247,Danny Ings\Danny-Ings,eng ENG,FW,Liverpool,23,1992,6,3,340,2,0,0,0,1,0,0.53,0.00,0.53,0.53,0.53,Matches
248,Gökhan Inler\Gokhan-Inler,ch SUI,MF,Leicester City,31,1984,5,3,194,0,0,0,0,0,0,0.00,0.00,0.00,0.00,0.00,Matches
249,Stephen Ireland\Stephen-Ireland,ie IRL,MF,Stoke City,28,1986,13,0,243,0,1,0,0,2,0,0.00,0.37,0.37,0.00,0.37,Matches
250,Juan Iturbe\Juan-Iturbe,py PAR,FWMF,Bournemouth,22,1993,2,0,57,0,0,0,0,0,0,0.00,0.00,0.00,0.00,0.00,Matches
251,Branislav Ivanović\Branislav-Ivanovic,rs SRB,DF,Chelsea,31,1984,33,33,2916,2,2,0,0,5,0,0.06,0.06,0.12,0.06,0.12,Matches
252,Alex Iwobi\Alex-Iwobi,ng NGA,MFFW,Arsenal,19,1996,13,8,628,2,2,0,0,0,0,0.29,0.29,0.57,0.29,0.57,Matches
253,Phil Jagielka\Phil-Jagielka,eng ENG,DF,Everton,32,1982,21,21,1850,0,0,0,0,0,0,0.00,0.00,0.00,0.00,0.00,Matches
254,Daryl Janmaat\Daryl-Janmaat,nl NED,DF,Newcastle Utd,26,1989,32,32,2752,2,4,0,0,6,1,0.07,0.13,0.20,0.07,0.20,Matches
255,Adnan Januzaj\Adnan-Januzaj,be BEL,MF,Manchester Utd,20,1995,5,2,145,1,0,0,0,1,0,0.62,0.00,0.62,0.62,0.62,Matches
256,Matt Jarvis\Matt-Jarvis,eng ENG,MF,Norwich City,29,1986,19,13,1017,1,1,0,0,0,0,0.09,0.09,0.18,0.09,0.18,Matches
257,Matt Jarvis\Matt-Jarvis,eng ENG,MF,West Ham,29,1986,3,0,76,0,0,0,0,0,0,0.00,0.00,0.00,0.00,0.00,Matches
258,Mile Jedinak\Mile-Jedinak,au AUS,MF,Crystal Palace,30,1984,27,16,1540,0,0,0,0,6,0,0.00,0.00,0.00,0.00,0.00,Matches
259,Nikica Jelavić\Nikica-Jelavic,hr CRO,FW,West Ham,29,1985,13,1,350,1,2,0,0,1,0,0.26,0.51,0.77,0.26,0.77,Matches
260,Carl Jenkinson\Carl-Jenkinson,eng ENG,DF,West Ham,23,1992,20,13,1229,2,0,0,0,3,1,0.15,0.00,0.15,0.15,0.15,Matches
261,Cameron Jerome\Cameron-Jerome,eng ENG,FWMF,Norwich City,28,1986,34,19,1777,3,2,0,0,2,0,0.15,0.10,0.25,0.15,0.25,Matches
262,Adam Johnson\Adam-Johnson,eng ENG,MF,Sunderland,28,1987,19,11,1148,2,5,1,1,3,0,0.16,0.39,0.55,0.08,0.47,Matches
263,Bradley Johnson\Bradley-Johnson,eng ENG,MF,Norwich City,28,1987,4,1,154,0,0,0,0,0,0,0.00,0.00,0.00,0.00,0.00,Matches
264,Glen Johnson\Glen-Johnson,eng ENG,DF,Stoke City,30,1984,25,25,2184,0,3,0,0,1,0,0.00,0.12,0.12,0.00,0.12,Matches
265,Billy Jones\Billy-Jones,eng ENG,DF,Sunderland,28,1987,24,23,2032,1,1,0,0,8,0,0.04,0.04,0.09,0.04,0.09,Matches
266,Phil Jones\Phil-Jones,eng ENG,DF,Manchester Utd,23,1992,10,6,530,0,0,0,0,0,0,0.00,0.00,0.00,0.00,0.00,Matches
267,Siem de Jong\Siem-de-Jong,nl NED,MF,Newcastle Utd,26,1989,18,3,454,0,1,0,0,0,0,0.00,0.20,0.20,0.00,0.20,Matches
268,Joselu\Joselu,es ESP,FW,Stoke City,25,1990,22,10,1097,4,1,0,0,0,0,0.33,0.08,0.41,0.33,0.41,Matches
269,Juanmi\Juanmi,es ESP,FWMF,Southampton,22,1993,12,0,173,0,0,0,0,0,0,0.00,0.00,0.00,0.00,0.00,Matches
270,Younès Kaboul\Younes-Kaboul,fr FRA,DF,Sunderland,29,1986,23,22,2009,0,1,0,0,4,1,0.00,0.04,0.04,0.00,0.04,Matches
271,Sullay Kaikai\Sullay-Kaikai,eng ENG,MF,Crystal Palace,19,1995,1,0,45,0,0,0,0,0,0,0.00,0.00,0.00,0.00,0.00,Matches
272,Harry Kane\Harry-Kane,eng ENG,FW,Tottenham,22,1993,38,38,3361,25,1,5,5,5,0,0.67,0.03,0.70,0.54,0.56,Matches
273,N'Golo Kanté\NGolo-Kante,fr FRA,MF,Leicester City,24,1991,37,33,3022,1,4,0,0,3,0,0.03,0.12,0.15,0.03,0.15,Matches
274,Will Keane\Will-Keane,eng ENG,FW,Manchester Utd,22,1993,1,0,5,0,0,0,0,0,0,0.00,0.00,0.00,0.00,0.00,Matches
275,Martin Kelly\Martin-Kelly,eng ENG,DF,Crystal Palace,25,1990,13,11,1044,0,0,0,0,3,0,0.00,0.00,0.00,0.00,0.00,Matches
276,Kenedy\Kenedy,br BRA,DFMF,Chelsea,19,1996,14,4,556,1,0,0,0,0,0,0.16,0.00,0.16,0.16,0.16,Matches
277,Jonjoe Kenny\Jonjoe-Kenny,eng ENG,DFFW,Everton,18,1997,1,0,62,0,0,0,0,0,0,0.00,0.00,0.00,0.00,0.00,Matches
278,Yann Kermorgant\Yann-Kermorgant,fr FRA,FW,Bournemouth,33,1981,7,0,130,0,0,0,0,0,0,0.00,0.00,0.00,0.00,0.00,Matches
279,Wahbi Khazri\Wahbi-Khazri,tn TUN,MF,Sunderland,24,1991,14,13,1071,2,1,0,0,3,0,0.17,0.08,0.25,0.17,0.25,Matches
280,Andy King\Andy-King,wal WAL,MF,Leicester City,26,1988,25,9,1062,2,1,0,0,2,0,0.17,0.08,0.25,0.17,0.25,Matches
281,Joshua King\Joshua-King,no NOR,FWMF,Bournemouth,23,1992,31,24,1913,6,2,0,0,1,0,0.28,0.09,0.38,0.28,0.38,Matches
282,Stephen Kingsley\Stephen-Kingsley,sco SCO,DF,Swansea City,21,1994,4,4,355,0,1,0,0,0,0,0.00,0.25,0.25,0.00,0.25,Matches
283,Jan Kirchhoff\Jan-Kirchhoff,de GER,MF,Sunderland,24,1990,15,14,1075,0,0,0,0,0,0,0.00,0.00,0.00,0.00,0.00,Matches
284,Timm Klose\Timm-Klose,ch SUI,DF,Norwich City,27,1988,10,10,848,1,0,0,0,3,0,0.11,0.00,0.11,0.11,0.11,Matches
285,Aleksandar Kolarov\Aleksandar-Kolarov,rs SRB,DF,Manchester City,29,1985,29,25,2283,3,3,0,1,3,0,0.12,0.12,0.24,0.12,0.24,Matches
286,Vincent Kompany\Vincent-Kompany,be BEL,DF,Manchester City,29,1986,14,13,1179,2,0,0,0,5,0,0.15,0.00,0.15,0.15,0.15,Matches
287,Arouna Koné\Arouna-Kone,ci CIV,MFFW,Everton,31,1983,25,16,1456,5,4,0,0,1,0,0.31,0.25,0.56,0.31,0.56,Matches
288,Lamine Koné\Lamine-Kone,ci CIV,DF,Sunderland,26,1989,15,15,1314,2,1,0,0,0,0,0.14,0.07,0.21,0.14,0.21,Matches
289,Laurent Koscielny\Laurent-Koscielny,fr FRA,DF,Arsenal,29,1985,33,33,2845,4,0,0,0,3,0,0.13,0.00,0.13,0.13,0.13,Matches
290,Cheikhou Kouyaté\Cheikhou-Kouyate,sn SEN,MF,West Ham,25,1989,34,34,3007,5,2,0,0,5,1,0.15,0.06,0.21,0.15,0.21,Matches
291,Libor Kozák\Libor-Kozak,cz CZE,FW,Aston Villa,26,1989,4,3,258,0,0,0,0,0,0,0.00,0.00,0.00,0.00,0.00,Matches
292,Andrej Kramarić\Andrej-Kramaric,hr CRO,FWMF,Leicester City,24,1991,2,0,24,0,0,0,0,0,0,0.00,0.00,0.00,0.00,0.00,Matches
293,Bojan Krkić\Bojan-Krkic,es ESP,MFFW,Stoke City,24,1990,27,22,1697,7,1,2,2,2,0,0.37,0.05,0.42,0.27,0.32,Matches
294,Tim Krul\Tim-Krul,nl NED,GK,Newcastle Utd,27,1988,8,8,720,0,0,0,0,0,0,0.00,0.00,0.00,0.00,0.00,Matches
295,Kyle Lafferty\Kyle-Lafferty,nir NIR,FW,Norwich City,27,1987,1,0,14,0,0,0,0,0,0,0.00,0.00,0.00,0.00,0.00,Matches
296,Adam Lallana\Adam-Lallana,eng ENG,MFFW,Liverpool,27,1988,30,23,2107,4,6,0,0,2,0,0.17,0.26,0.43,0.17,0.43,Matches
297,Rickie Lambert\Rickie-Lambert,eng ENG,FW,West Brom,33,1982,19,5,625,1,1,1,1,2,0,0.14,0.14,0.29,0.00,0.14,Matches
298,Érik Lamela\Erik-Lamela,ar ARG,MF,Tottenham,23,1992,34,28,2371,5,9,0,0,9,0,0.19,0.34,0.53,0.19,0.53,Matches
299,Manuel Lanzini\Manuel-Lanzini,ar ARG,MF,West Ham,22,1993,26,23,1910,6,2,0,0,3,0,0.28,0.09,0.38,0.28,0.38,Matches
300,Seb Larsson\Seb-Larsson,se SWE,MF,Sunderland,30,1985,18,6,554,0,1,0,0,2,0,0.00,0.16,0.16,0.00,0.16,Matches
301,Jamaal Lascelles\Jamaal-Lascelles,eng ENG,DF,Newcastle Utd,21,1993,18,10,1152,2,0,0,0,1,1,0.16,0.00,0.16,0.16,0.16,Matches
302,Miguel Layún\Miguel-Layun,mx MEX,MFDF,Watford,27,1988,3,2,131,1,0,0,0,0,0,0.69,0.00,0.69,0.69,0.69,Matches
303,Joe Ledley\Joe-Ledley,wal WAL,MF,Crystal Palace,28,1987,19,11,981,1,0,0,0,1,0,0.09,0.00,0.09,0.09,0.09,Matches
304,Lucas Leiva\Lucas-Leiva,br BRA,MFDF,Liverpool,28,1987,27,21,1953,0,1,0,0,8,0,0.00,0.05,0.05,0.00,0.05,Matches
305,Jonathan Leko\Jonathan-Leko,eng ENG,MF,West Brom,16,1999,5,3,271,0,1,0,0,0,0,0.00,0.33,0.33,0.00,0.33,Matches
306,Aaron Lennon\Aaron-Lennon,eng ENG,MFFW,Everton,28,1987,25,17,1538,5,0,0,0,1,0,0.29,0.00,0.29,0.29,0.29,Matches
307,Jeremain Lens\Jeremain-Lens,nl NED,MFFW,Sunderland,27,1987,20,14,1294,3,3,0,0,4,1,0.21,0.21,0.42,0.21,0.42,Matches
308,Joleon Lescott\Joleon-Lescott,eng ENG,DF,Aston Villa,32,1982,30,30,2629,1,0,0,0,2,0,0.03,0.00,0.03,0.03,0.03,Matches
309,Joleon Lescott\Joleon-Lescott,eng ENG,DF,West Brom,32,1982,2,2,180,0,0,0,0,0,0,0.00,0.00,0.00,0.00,0.00,Matches
310,Jesse Lingard\Jesse-Lingard,eng ENG,MF,Manchester Utd,22,1992,25,19,1632,4,1,0,0,4,0,0.22,0.06,0.28,0.22,0.28,Matches
311,Hugo Lloris\Hugo-Lloris,fr FRA,GK,Tottenham,28,1986,37,37,3330,0,0,0,0,0,0,0.00,0.00,0.00,0.00,0.00,Matches
312,Ruben Loftus-Cheek\Ruben-Loftus-Cheek,eng ENG,MF,Chelsea,19,1996,13,4,412,1,0,0,0,0,0,0.22,0.00,0.22,0.22,0.22,Matches
313,Shane Long\Shane-Long,ie IRL,FWMF,Southampton,28,1987,28,23,2111,10,4,0,0,2,0,0.43,0.17,0.60,0.43,0.60,Matches
314,Donald Love\Donald-Love,sco SCO,DFMF,Manchester Utd,20,1994,1,0,54,0,0,0,0,0,0,0.00,0.00,0.00,0.00,0.00,Matches
315,Dejan Lovren\Dejan-Lovren,hr CRO,DF,Liverpool,26,1989,24,22,1896,0,0,0,0,2,0,0.00,0.00,0.00,0.00,0.00,Matches
316,Romelu Lukaku\Romelu-Lukaku,be BEL,FW,Everton,22,1993,37,36,3169,18,6,1,2,3,0,0.51,0.17,0.68,0.48,0.65,Matches
317,Jordan Lyden\Jordan-Lyden,au AUS,MFDF,Aston Villa,19,1996,4,2,153,0,0,0,0,0,0,0.00,0.00,0.00,0.00,0.00,Matches
318,Yann M'Vila\Yann-MVila,fr FRA,MF,Sunderland,25,1990,37,36,3186,1,4,0,0,1,0,0.03,0.11,0.14,0.03,0.14,Matches
319,Shaun MacDonald\Shaun-MacDonald,wal WAL,MF,Bournemouth,27,1988,3,0,31,0,0,0,0,0,0,0.00,0.00,0.00,0.00,0.00,Matches
320,Riyad Mahrez\Riyad-Mahrez,dz ALG,MF,Leicester City,24,1991,37,36,3034,17,11,4,6,1,0,0.50,0.33,0.83,0.39,0.71,Matches
321,Modibo Maïga\Modibo-Maiga,ml MLI,FWMF,West Ham,27,1987,3,0,27,1,0,0,0,0,0,3.33,0.00,3.33,3.33,3.33,Matches
322,Sadio Mané\Sadio-Mane,sn SEN,MFFW,Southampton,23,1992,37,30,2597,11,6,0,1,5,2,0.38,0.21,0.59,0.38,0.59,Matches
323,Eliaquim Mangala\Eliaquim-Mangala,fr FRA,DF,Manchester City,24,1991,23,23,2009,0,0,0,0,8,0,0.00,0.00,0.00,0.00,0.00,Matches
324,Vito Mannone\Vito-Mannone,it ITA,GK,Sunderland,27,1988,19,19,1710,0,0,0,0,2,0,0.00,0.00,0.00,0.00,0.00,Matches
325,José Manuel Jurado\Jose-Manuel-Jurado,es ESP,MF,Watford,29,1986,27,27,2007,0,0,0,0,3,0,0.00,0.00,0.00,0.00,0.00,Matches
326,Adrian Mariappa\Adrian-Mariappa,jm JAM,DF,Crystal Palace,28,1986,3,3,255,0,0,0,0,0,0,0.00,0.00,0.00,0.00,0.00,Matches
327,Anthony Martial\Anthony-Martial,fr FRA,MFFW,Manchester Utd,19,1995,31,29,2632,11,4,0,0,2,0,0.38,0.14,0.51,0.38,0.51,Matches
328,Russell Martin\Russell-Martin,sco SCO,DF,Norwich City,29,1986,30,30,2698,3,0,0,0,4,1,0.10,0.00,0.10,0.10,0.10,Matches
329,Cuco Martina\Cuco-Martina,cw CUW,DF,Southampton,25,1989,15,11,1085,1,1,0,0,1,0,0.08,0.08,0.17,0.08,0.17,Matches
330,Ryan Mason\Ryan-Mason,eng ENG,MF,Tottenham,24,1991,22,8,805,1,0,0,0,3,0,0.11,0.00,0.11,0.11,0.11,Matches
331,Juan Mata\Juan-Mata,es ESP,MF,Manchester Utd,27,1988,38,34,2889,6,5,1,1,5,1,0.19,0.16,0.34,0.16,0.31,Matches
332,Nemanja Matić\Nemanja-Matic,rs SRB,MF,Chelsea,26,1988,33,28,2415,2,2,0,0,5,1,0.07,0.07,0.15,0.07,0.15,Matches
333,Adam Matthews\Adam-Matthews,wal WAL,DF,Sunderland,23,1992,1,0,37,0,0,0,0,0,0,0.00,0.00,0.00,0.00,0.00,Matches
334,Kevin Mbabu\Kevin-Mbabu,ch SUI,DF,Newcastle Utd,20,1995,3,2,143,0,0,0,0,0,0,0.00,0.00,0.00,0.00,0.00,Matches
335,Chancel Mbemba\Chancel-Mbemba,cd COD,DF,Newcastle Utd,20,1994,33,33,2923,0,0,0,0,5,0,0.00,0.00,0.00,0.00,0.00,Matches
336,Dieumerci Mbokani\Dieumerci-Mbokani,cd COD,FW,Norwich City,29,1985,29,15,1595,7,1,0,0,0,0,0.39,0.06,0.45,0.39,0.45,Matches
337,James McArthur\James-McArthur,sco SCO,MF,Crystal Palace,27,1987,28,26,2185,2,2,0,0,5,0,0.08,0.08,0.16,0.08,0.16,Matches
338,Gareth McAuley\Gareth-McAuley,nir NIR,DF,West Brom,35,1979,34,34,3060,1,0,0,0,4,1,0.03,0.00,0.03,0.03,0.03,Matches
339,Alex McCarthy\Alex-McCarthy,eng ENG,GK,Crystal Palace,25,1989,7,7,630,0,0,0,0,0,0,0.00,0.00,0.00,0.00,0.00,Matches
340,James McCarthy\James-McCarthy,ie IRL,MF,Everton,24,1990,29,29,2429,2,2,0,0,6,1,0.07,0.07,0.15,0.07,0.15,Matches
341,James McClean\James-McClean,ie IRL,MFFW,West Brom,26,1989,35,28,2413,2,2,0,0,7,1,0.07,0.07,0.15,0.07,0.15,Matches
342,Callum McManaman\Callum-McManaman,eng ENG,MF,West Brom,24,1991,12,2,281,0,1,0,0,2,0,0.00,0.32,0.32,0.00,0.32,Matches
343,Paddy McNair\Paddy-McNair,nir NIR,DF,Manchester Utd,20,1995,8,3,314,0,0,0,0,0,0,0.00,0.00,0.00,0.00,0.00,Matches
344,Per Mertesacker\Per-Mertesacker,de GER,DF,Arsenal,30,1984,24,24,2048,0,0,0,0,1,1,0.00,0.00,0.00,0.00,0.00,Matches
345,Matt Miazga\Matt-Miazga,us USA,DF,Chelsea,20,1995,2,2,135,0,0,0,0,1,0,0.00,0.00,0.00,0.00,0.00,Matches
346,Simon Mignolet\Simon-Mignolet,be BEL,GK,Liverpool,27,1988,34,34,3060,0,0,0,0,2,0,0.00,0.00,0.00,0.00,0.00,Matches
347,James Milner\James-Milner,eng ENG,MFFW,Liverpool,29,1986,28,28,2409,5,11,1,1,10,1,0.19,0.41,0.60,0.15,0.56,Matches
348,Tyrone Mings\Tyrone-Mings,eng ENG,DF,Bournemouth,22,1993,1,0,11,0,0,0,0,0,0,0.00,0.00,0.00,0.00,0.00,Matches
349,Kevin Mirallas\Kevin-Mirallas,be BEL,MFFW,Everton,27,1987,23,10,1013,4,2,0,0,1,2,0.36,0.18,0.53,0.36,0.53,Matches
350,Aleksandar Mitrović\Aleksandar-Mitrovic,rs SRB,FW,Newcastle Utd,20,1994,34,22,2118,9,4,2,2,4,2,0.38,0.17,0.55,0.30,0.47,Matches
351,Nacho Monreal\Nacho-Monreal,es ESP,DF,Arsenal,29,1986,37,36,3249,0,3,0,0,1,0,0.00,0.08,0.08,0.00,0.08,Matches
352,Jefferson Montero\Jefferson-Montero,ec ECU,MFFW,Swansea City,25,1989,23,14,1355,0,2,0,0,0,0,0.00,0.13,0.13,0.00,0.13,Matches
353,Alberto Moreno\Alberto-Moreno,es ESP,DF,Liverpool,23,1992,32,28,2548,1,4,0,0,3,0,0.04,0.14,0.18,0.04,0.18,Matches
354,Wes Morgan\Wes-Morgan,jm JAM,DF,Leicester City,31,1984,38,38,3420,2,0,0,0,3,0,0.05,0.00,0.05,0.05,0.05,Matches
355,James Morrison\James-Morrison,sco SCO,MF,West Brom,29,1986,18,17,1338,3,3,0,1,3,0,0.20,0.20,0.40,0.20,0.40,Matches
356,Victor Moses\Victor-Moses,ng NGA,MFFW,West Ham,24,1990,21,13,979,1,2,0,0,0,0,0.09,0.18,0.28,0.09,0.28,Matches
357,Youssouf Mulumbu\Youssouf-Mulumbu,cd COD,MF,Norwich City,28,1987,7,5,368,0,0,0,0,1,0,0.00,0.00,0.00,0.00,0.00,Matches
358,Marc Muniesa\Marc-Muniesa,es ESP,DF,Stoke City,23,1992,15,12,1114,0,0,0,0,2,0,0.00,0.00,0.00,0.00,0.00,Matches
359,Glenn Murray\Glenn-Murray,eng ENG,FW,Crystal Palace,31,1983,2,2,126,0,0,0,0,0,0,0.00,0.00,0.00,0.00,0.00,Matches
360,Glenn Murray\Glenn-Murray,eng ENG,FW,Bournemouth,31,1983,19,6,676,3,0,0,1,2,0,0.40,0.00,0.40,0.40,0.40,Matches
361,Jordon Mutch\Jordon-Mutch,eng ENG,MF,Crystal Palace,23,1991,20,7,803,0,0,0,0,0,0,0.00,0.00,0.00,0.00,0.00,Matches
362,Boaz Myhill\Boaz-Myhill,wal WAL,GK,West Brom,32,1982,23,23,2070,0,0,0,0,2,0,0.00,0.00,0.00,0.00,0.00,Matches
363,Dame N'Doye\Dame-NDoye,sn SEN,MFFW,Sunderland,30,1985,11,5,572,1,0,0,0,2,0,0.16,0.00,0.16,0.16,0.16,Matches
364,Clinton N'Jie\Clinton-NJie,cm CMR,FWMF,Tottenham,21,1993,8,0,192,0,1,0,0,0,0,0.00,0.47,0.47,0.00,0.47,Matches
365,Charles N'Zogbia\Charles-NZogbia,fr FRA,DFFW,Aston Villa,29,1986,2,0,43,0,0,0,0,0,0,0.00,0.00,0.00,0.00,0.00,Matches
366,Steven Naismith\Steven-Naismith,sco SCO,MF,Norwich City,28,1986,13,11,872,1,1,0,0,2,0,0.10,0.10,0.21,0.10,0.21,Matches
367,Steven Naismith\Steven-Naismith,sco SCO,MF,Everton,28,1986,10,4,453,3,1,0,0,1,0,0.60,0.20,0.79,0.60,0.79,Matches
368,Samir Nasri\Samir-Nasri,fr FRA,MFFW,Manchester City,28,1987,12,4,541,2,2,0,0,3,0,0.33,0.33,0.67,0.33,0.67,Matches
369,Kyle Naughton\Kyle-Naughton,eng ENG,DF,Swansea City,26,1988,27,19,1769,0,3,0,0,2,1,0.00,0.15,0.15,0.00,0.15,Matches
370,Jesús Navas\Jesus-Navas,es ESP,MF,Manchester City,29,1985,34,24,2282,0,7,0,0,1,0,0.00,0.28,0.28,0.00,0.28,Matches
371,Oumar Niasse\Oumar-Niasse,sn SEN,MFFW,Everton,25,1990,5,2,143,0,0,0,0,0,0,0.00,0.00,0.00,0.00,0.00,Matches
372,Mark Noble\Mark-Noble,eng ENG,MF,West Ham,28,1987,37,37,3196,7,4,3,3,8,1,0.20,0.11,0.31,0.11,0.23,Matches
373,Kevin Nolan\Kevin-Nolan,eng ENG,MF,West Ham,33,1982,2,1,57,0,0,0,0,0,0,0.00,0.00,0.00,0.00,0.00,Matches
374,Kristoffer Nordfeldt\Kristoffer-Nordfeldt,se SWE,GK,Swansea City,26,1989,1,1,90,0,0,0,0,0,0,0.00,0.00,0.00,0.00,0.00,Matches
375,Allan Nyom\Allan-Nyom,cm CMR,DF,Watford,27,1988,32,29,2469,0,1,0,0,8,0,0.00,0.04,0.04,0.00,0.04,Matches
376,Eunan O'Kane\Eunan-OKane,ie IRL,MF,Bournemouth,25,1990,16,6,756,0,1,0,0,2,0,0.00,0.12,0.12,0.00,0.12,Matches
377,Gary O'Neil\Gary-ONeil,eng ENG,MF,Norwich City,32,1983,27,19,1756,0,0,0,0,7,1,0.00,0.00,0.00,0.00,0.00,Matches
378,John O'Shea\John-OShea,ie IRL,DF,Sunderland,34,1981,28,23,2009,0,0,0,0,2,0,0.00,0.00,0.00,0.00,0.00,Matches
379,Gabriel Obertan\Gabriel-Obertan,fr FRA,MF,Newcastle Utd,26,1989,5,3,279,0,1,0,0,1,0,0.00,0.32,0.32,0.00,0.32,Matches
380,John Obi Mikel\John-Obi-Mikel,ng NGA,MFDF,Chelsea,28,1987,25,19,1782,0,1,0,0,6,0,0.00,0.05,0.05,0.00,0.05,Matches
381,Pedro Obiang\Pedro-Obiang,gq EQG,MF,West Ham,23,1992,24,11,1088,0,1,0,0,2,0,0.00,0.08,0.08,0.00,0.08,Matches
382,Peter Odemwingie\Peter-Odemwingie,ng NGA,FW,Stoke City,34,1981,5,0,106,0,0,0,0,0,0,0.00,0.00,0.00,0.00,0.00,Matches
383,Vadis Odjidja-Ofoe\Vadis-Odjidja-Ofoe,be BEL,MF,Norwich City,26,1989,10,3,279,0,2,0,0,2,0,0.00,0.65,0.65,0.00,0.65,Matches
384,Angelo Ogbonna\Angelo-Ogbonna,it ITA,DF,West Ham,27,1988,28,27,2326,0,0,0,0,5,0,0.00,0.00,0.00,0.00,0.00,Matches
385,Sheyi Ojo\Sheyi-Ojo,eng ENG,MFFW,Liverpool,18,1997,8,5,397,0,3,0,0,0,0,0.00,0.68,0.68,0.00,0.68,Matches
386,Shinji Okazaki\Shinji-Okazaki,jp JPN,FWMF,Leicester City,29,1986,36,28,2054,5,0,0,0,1,0,0.22,0.00,0.22,0.22,0.22,Matches
387,Jores Okore\Jores-Okore,dk DEN,DF,Aston Villa,22,1992,12,12,1080,0,0,0,0,1,0,0.00,0.00,0.00,0.00,0.00,Matches
388,Jonas Olsson\Jonas-Olsson,se SWE,DF,West Brom,32,1983,28,25,2013,1,1,0,0,5,0,0.04,0.04,0.09,0.04,0.09,Matches
389,Martin Olsson\Martin-Olsson,se SWE,DF,Norwich City,27,1988,24,20,1775,1,2,0,0,2,0,0.05,0.10,0.15,0.05,0.15,Matches
390,Josh Onomah\Josh-Onomah,eng ENG,FWMF,Tottenham,18,1997,8,0,83,0,0,0,0,0,0,0.00,0.00,0.00,0.00,0.00,Matches
391,Divock Origi\Divock-Origi,be BEL,FW,Liverpool,20,1995,16,7,670,5,1,0,0,0,0,0.67,0.13,0.81,0.67,0.81,Matches
392,Oscar\Oscar,br BRA,MF,Chelsea,23,1991,27,20,1769,3,3,1,2,4,0,0.15,0.15,0.31,0.10,0.25,Matches
393,Leon Osman\Leon-Osman,eng ENG,MFFW,Everton,34,1981,9,2,223,0,0,0,0,0,0,0.00,0.00,0.00,0.00,0.00,Matches
394,David Ospina\David-Ospina,co COL,GK,Arsenal,26,1988,4,4,360,0,0,0,0,0,0,0.00,0.00,0.00,0.00,0.00,Matches
395,Nicolás Otamendi\Nicolas-Otamendi,ar ARG,DF,Manchester City,27,1988,30,30,2671,1,0,0,0,9,0,0.03,0.00,0.03,0.03,0.03,Matches
396,Obbi Oulare\Obbi-Oulare,be BEL,FW,Watford,19,1996,2,0,7,0,0,0,0,0,0,0.00,0.00,0.00,0.00,0.00,Matches
397,Bryan Oviedo\Bryan-Oviedo,cr CRC,DF,Everton,25,1990,14,12,996,0,1,0,0,0,0,0.00,0.09,0.09,0.00,0.09,Matches
398,Reece Oxford\Reece-Oxford,eng ENG,MFDF,West Ham,16,1998,7,3,212,0,0,0,0,0,0,0.00,0.00,0.00,0.00,0.00,Matches
399,Alex Oxlade-Chamberlain\Alex-Oxlade-Chamberlain,eng ENG,MF,Arsenal,21,1993,22,9,926,1,0,0,0,0,0,0.10,0.00,0.10,0.10,0.10,Matches
400,Mesut Özil\Mesut-Ozil,de GER,MF,Arsenal,26,1988,35,35,3035,6,19,0,0,4,0,0.18,0.56,0.74,0.18,0.74,Matches
401,Alberto Paloschi\Alberto-Paloschi,it ITA,FWMF,Swansea City,25,1990,10,7,667,2,0,0,0,2,0,0.27,0.00,0.27,0.27,0.27,Matches
402,Costel Pantilimon\Costel-Pantilimon,ro ROU,GK,Sunderland,28,1987,17,17,1530,0,0,0,0,3,0,0.00,0.00,0.00,0.00,0.00,Matches
403,Alexandre Pato\Alexandre-Pato,br BRA,FW,Chelsea,25,1989,2,1,131,1,0,1,1,0,0,0.69,0.00,0.69,0.00,0.00,Matches
404,Gabriel Paulista\Gabriel-Paulista,br BRA,DF,Arsenal,24,1990,21,18,1764,1,0,0,0,4,1,0.05,0.00,0.05,0.05,0.05,Matches
405,Dimitri Payet\Dimitri-Payet,fr FRA,FWMF,West Ham,28,1987,30,29,2568,9,12,0,0,3,0,0.32,0.42,0.74,0.32,0.74,Matches
406,Pedro\Pedro,es ESP,MF,Chelsea,28,1987,29,24,2033,7,3,0,0,3,0,0.31,0.13,0.44,0.31,0.44,Matches
407,Graziano Pellè\Graziano-Pelle,it ITA,FW,Southampton,30,1985,30,23,2175,11,6,0,0,6,0,0.46,0.25,0.70,0.46,0.70,Matches
408,Matthew Pennington\Matthew-Pennington,eng ENG,DF,Everton,20,1994,4,4,298,0,0,0,0,1,0,0.00,0.00,0.00,0.00,0.00,Matches
409,Andreas Pereira\Andreas-Pereira,br BRA,MF,Manchester Utd,19,1996,4,0,84,0,0,0,0,2,0,0.00,0.00,0.00,0.00,0.00,Matches
410,Ayoze Pérez\Ayoze-Perez,es ESP,MFFW,Newcastle Utd,22,1993,34,22,2048,6,2,0,0,4,0,0.26,0.09,0.35,0.26,0.35,Matches
411,Jordan Pickford\Jordan-Pickford,eng ENG,GK,Sunderland,21,1994,2,2,180,0,0,0,0,0,0,0.00,0.00,0.00,0.00,0.00,Matches
412,Steven Pienaar\Steven-Pienaar,za RSA,MF,Everton,33,1982,4,0,122,0,0,0,0,0,0,0.00,0.00,0.00,0.00,0.00,Matches
413,Erik Pieters\Erik-Pieters,nl NED,DF,Stoke City,26,1988,35,35,3095,0,1,0,0,10,0,0.00,0.03,0.03,0.00,0.03,Matches
414,Ivo Pinto\Ivo-Pinto,pt POR,DF,Norwich City,25,1990,10,9,811,0,0,0,0,0,0,0.00,0.00,0.00,0.00,0.00,Matches
415,Sébastien Pocognoli\Sebastien-Pocognoli,be BEL,DFMF,West Brom,27,1987,1,0,36,0,1,0,0,0,0,0.00,2.50,2.50,0.00,2.50,Matches
416,Nick Powell\Nick-Powell,eng ENG,MF,Manchester Utd,21,1994,1,0,17,0,0,0,0,0,0,0.00,0.00,0.00,0.00,0.00,Matches
417,Alex Pritchard\Alex-Pritchard,eng ENG,FWMF,West Brom,22,1993,2,0,63,0,0,0,0,0,0,0.00,0.00,0.00,0.00,0.00,Matches
418,Alex Pritchard\Alex-Pritchard,eng ENG,FWMF,Tottenham,22,1993,1,0,6,0,0,0,0,0,0,0.00,0.00,0.00,0.00,0.00,Matches
419,Sebastian Prödl\Sebastian-Prodl,at AUT,DF,Watford,28,1987,21,19,1778,2,0,0,0,5,0,0.10,0.00,0.10,0.10,0.10,Matches
420,Marc Pugh\Marc-Pugh,eng ENG,MF,Bournemouth,28,1987,26,15,1337,3,2,0,0,1,0,0.20,0.13,0.34,0.20,0.34,Matches
421,Jason Puncheon\Jason-Puncheon,eng ENG,MFFW,Crystal Palace,29,1986,31,31,2615,2,3,0,0,3,0,0.07,0.10,0.17,0.07,0.17,Matches
422,Baba Rahman\Baba-Rahman,gh GHA,DF,Chelsea,21,1994,15,11,1018,0,1,0,0,1,0,0.00,0.09,0.09,0.00,0.09,Matches
423,Ramires\Ramires,br BRA,MF,Chelsea,28,1987,12,7,609,2,0,0,0,1,0,0.30,0.00,0.30,0.30,0.30,Matches
424,Gastón Ramírez\Gaston-Ramirez,uy URU,FWMF,Southampton,24,1990,3,0,31,0,1,0,0,0,0,0.00,2.90,2.90,0.00,2.90,Matches
425,Aaron Ramsey\Aaron-Ramsey,wal WAL,MF,Arsenal,24,1990,31,29,2623,5,4,0,0,4,0,0.17,0.14,0.31,0.17,0.31,Matches
426,Connor Randall\Connor-Randall,eng ENG,DF,Liverpool,19,1995,3,2,163,0,0,0,0,0,0,0.00,0.00,0.00,0.00,0.00,Matches
427,Darren Randolph\Darren-Randolph,ie IRL,GK,West Ham,28,1987,6,6,540,0,0,0,0,0,0,0.00,0.00,0.00,0.00,0.00,Matches
428,Àngel Rangel\Angel-Rangel,es ESP,DF,Swansea City,32,1982,23,20,1820,0,0,0,0,6,0,0.00,0.00,0.00,0.00,0.00,Matches
429,Tokelo Rantie\Tokelo-Rantie,za RSA,FW,Bournemouth,24,1990,3,0,41,0,0,0,0,0,0,0.00,0.00,0.00,0.00,0.00,Matches
430,Marcus Rashford\Marcus-Rashford,eng ENG,FW,Manchester Utd,17,1997,11,11,855,5,2,0,0,0,0,0.53,0.21,0.74,0.53,0.74,Matches
431,Nathan Redmond\Nathan-Redmond,eng ENG,MF,Norwich City,21,1994,35,24,2341,6,3,0,0,0,0,0.23,0.12,0.35,0.23,0.35,Matches
432,Harrison Reed\Harrison-Reed,eng ENG,MF,Southampton,20,1995,1,0,11,0,0,0,0,0,0,0.00,0.00,0.00,0.00,0.00,Matches
433,Winston Reid\Winston-Reid,nz NZL,DF,West Ham,27,1988,24,24,2135,1,1,0,0,5,0,0.04,0.04,0.08,0.04,0.08,Matches
434,Loïc Rémy\Loic-Remy,fr FRA,FW,Chelsea,28,1987,13,3,291,1,0,0,0,0,0,0.31,0.00,0.31,0.31,0.31,Matches
435,Micah Richards\Micah-Richards,eng ENG,DF,Aston Villa,27,1988,24,23,2044,1,1,0,0,3,0,0.04,0.04,0.09,0.04,0.09,Matches
436,Kieran Richardson\Kieran-Richardson,eng ENG,DFMF,Aston Villa,30,1984,11,8,723,0,1,0,0,4,0,0.00,0.12,0.12,0.00,0.12,Matches
437,Matt Ritchie\Matt-Ritchie,sco SCO,MF,Bournemouth,25,1989,37,33,2973,4,6,0,0,5,0,0.12,0.18,0.30,0.12,0.30,Matches
438,Emmanuel Rivière\Emmanuel-Riviere,fr FRA,FW,Newcastle Utd,25,1990,3,1,65,0,0,0,0,0,0,0.00,0.00,0.00,0.00,0.00,Matches
439,Patrick Roberts\Patrick-Roberts,eng ENG,FWMF,Manchester City,18,1997,1,0,5,0,0,0,0,0,0,0.00,0.00,0.00,0.00,0.00,Matches
440,Tyler Roberts\Tyler-Roberts,wal WAL,FWMF,West Brom,16,1999,1,0,18,0,0,0,0,1,0,0.00,0.00,0.00,0.00,0.00,Matches
441,Joel Robles\Joel-Robles,es ESP,GK,Everton,25,1990,13,13,1170,0,0,0,0,1,0,0.00,0.00,0.00,0.00,0.00,Matches
442,Thomas Robson\Thomas-Robson,eng ENG,DF,Sunderland,19,1995,1,1,90,0,0,0,0,0,0,0.00,0.00,0.00,0.00,0.00,Matches
443,Jay Rodriguez\Jay-Rodriguez,eng ENG,MFFW,Southampton,26,1989,12,3,351,0,0,0,0,1,0,0.00,0.00,0.00,0.00,0.00,Matches
444,Jack Rodwell\Jack-Rodwell,eng ENG,MF,Sunderland,24,1991,22,9,1169,1,0,0,0,5,0,0.08,0.00,0.08,0.08,0.08,Matches
445,Marcos Rojo\Marcos-Rojo,ar ARG,DF,Manchester Utd,25,1990,16,15,1249,0,1,0,0,3,0,0.00,0.07,0.07,0.00,0.07,Matches
446,Sergio Romero\Sergio-Romero,ar ARG,GK,Manchester Utd,28,1987,4,4,360,0,0,0,0,0,0,0.00,0.00,0.00,0.00,0.00,Matches
447,Oriol Romeu\Oriol-Romeu,es ESP,MF,Southampton,23,1991,29,17,1612,1,0,0,0,7,0,0.06,0.00,0.06,0.06,0.06,Matches
448,Salomón Rondón\Salomon-Rondon,ve VEN,FW,West Brom,25,1989,34,30,2555,9,2,0,0,1,1,0.32,0.07,0.39,0.32,0.39,Matches
449,Wayne Rooney\Wayne-Rooney,eng ENG,FWMF,Manchester Utd,29,1985,28,27,2406,8,6,1,1,4,0,0.30,0.22,0.52,0.26,0.49,Matches
450,Danny Rose\Danny-Rose,eng ENG,DF,Tottenham,25,1990,24,24,2129,1,3,0,0,7,0,0.04,0.13,0.17,0.04,0.17,Matches
451,Jordan Rossiter\Jordan-Rossiter,eng ENG,MF,Liverpool,18,1997,1,0,15,0,0,0,0,0,0,0.00,0.00,0.00,0.00,0.00,Matches
452,Wayne Routledge\Wayne-Routledge,eng ENG,MFFW,Swansea City,30,1985,28,22,1672,2,1,0,0,3,0,0.11,0.05,0.16,0.11,0.16,Matches
453,Declan Rudd\Declan-Rudd,eng ENG,GK,Norwich City,24,1991,11,11,990,0,0,0,0,2,0,0.00,0.00,0.00,0.00,0.00,Matches
454,John Ruddy\John-Ruddy,eng ENG,GK,Norwich City,28,1986,27,27,2430,0,0,0,0,0,0,0.00,0.00,0.00,0.00,0.00,Matches
455,Bacary Sagna\Bacary-Sagna,fr FRA,DF,Manchester City,32,1983,28,27,2448,0,3,0,0,4,0,0.00,0.11,0.11,0.00,0.11,Matches
456,Henri Saivet\Henri-Saivet,sn SEN,MF,Newcastle Utd,24,1990,4,2,147,0,0,0,0,0,0,0.00,0.00,0.00,0.00,0.00,Matches
457,Diafra Sakho\Diafra-Sakho,sn SEN,FW,West Ham,25,1989,21,18,1519,5,1,0,0,3,0,0.30,0.06,0.36,0.30,0.36,Matches
458,Mamadou Sakho\Mamadou-Sakho,fr FRA,DF,Liverpool,25,1990,22,21,1854,1,0,0,0,1,0,0.05,0.00,0.05,0.05,0.05,Matches
459,Bakary Sako\Bakary-Sako,ml MLI,MFFW,Crystal Palace,27,1988,20,11,1069,2,1,0,0,1,0,0.17,0.08,0.25,0.17,0.25,Matches
460,Alexis Sánchez\Alexis-Sanchez,cl CHI,MF,Arsenal,26,1988,30,28,2436,13,4,0,0,1,0,0.48,0.15,0.63,0.48,0.63,Matches
461,Carlos Sánchez\Carlos-Sanchez,co COL,MF,Aston Villa,29,1986,20,16,1367,0,0,0,0,3,0,0.00,0.00,0.00,0.00,0.00,Matches
462,Sandro\Sandro,br BRA,MF,West Brom,26,1989,12,5,382,0,0,0,0,0,0,0.00,0.00,0.00,0.00,0.00,Matches
463,Jeffrey Schlupp\Jeffrey-Schlupp,gh GHA,DFMF,Leicester City,22,1992,24,14,1387,1,2,0,0,4,0,0.06,0.13,0.19,0.06,0.19,Matches
464,Kasper Schmeichel\Kasper-Schmeichel,dk DEN,GK,Leicester City,28,1986,38,38,3420,0,0,0,0,2,0,0.00,0.00,0.00,0.00,0.00,Matches
465,Morgan Schneiderlin\Morgan-Schneiderlin,fr FRA,MF,Manchester Utd,25,1989,29,25,2205,1,0,0,0,3,0,0.04,0.00,0.04,0.04,0.04,Matches
466,Bastian Schweinsteiger\Bastian-Schweinsteiger,de GER,MF,Manchester Utd,30,1984,18,13,1202,1,0,0,0,3,0,0.07,0.00,0.07,0.07,0.07,Matches
467,Stéphane Sessègnon\Stephane-Sessegnon,bj BEN,MFFW,West Brom,31,1984,25,21,1752,2,2,0,0,1,0,0.10,0.10,0.21,0.10,0.21,Matches
468,Xherdan Shaqiri\Xherdan-Shaqiri,ch SUI,MF,Stoke City,23,1991,27,27,2012,3,6,0,0,3,0,0.13,0.27,0.40,0.13,0.40,Matches
469,Luke Shaw\Luke-Shaw,eng ENG,DF,Manchester Utd,20,1995,5,5,450,0,1,0,0,1,0,0.00,0.20,0.20,0.00,0.20,Matches
470,Ryan Shawcross\Ryan-Shawcross,eng ENG,DF,Stoke City,27,1987,20,20,1696,0,0,0,0,3,1,0.00,0.00,0.00,0.00,0.00,Matches
471,Jonjo Shelvey\Jonjo-Shelvey,eng ENG,MF,Newcastle Utd,23,1992,15,11,1050,0,3,0,0,3,0,0.00,0.26,0.26,0.00,0.26,Matches
472,Jonjo Shelvey\Jonjo-Shelvey,eng ENG,MF,Swansea City,23,1992,16,14,1216,1,2,1,1,5,0,0.07,0.15,0.22,0.00,0.15,Matches
473,Steve Sidwell\Steve-Sidwell,eng ENG,MF,Stoke City,32,1982,1,0,13,0,0,0,0,0,0,0.00,0.00,0.00,0.00,0.00,Matches
474,Gylfi Sigurðsson\Gylfi-Sigurdsson,is ISL,MFFW,Swansea City,25,1989,36,32,2914,11,3,3,3,6,0,0.34,0.09,0.43,0.25,0.34,Matches
475,David Silva\David-Silva,es ESP,MF,Manchester City,29,1986,24,22,1791,2,11,0,0,1,0,0.10,0.55,0.65,0.10,0.65,Matches
476,Danny Simpson\Danny-Simpson,eng ENG,DF,Leicester City,28,1987,30,30,2610,0,0,0,0,4,1,0.00,0.00,0.00,0.00,0.00,Matches
477,Scott Sinclair\Scott-Sinclair,eng ENG,FWMF,Aston Villa,26,1989,27,19,1595,2,0,1,1,0,0,0.11,0.00,0.11,0.06,0.06,Matches
478,Moussa Sissoko\Moussa-Sissoko,fr FRA,MF,Newcastle Utd,25,1989,37,37,3217,1,7,0,0,3,0,0.03,0.20,0.22,0.03,0.22,Matches
479,Martin Škrtel\Martin-Skrtel,sk SVK,DF,Liverpool,30,1984,22,21,1885,1,0,0,0,5,0,0.05,0.00,0.05,0.05,0.05,Matches
480,Chris Smalling\Chris-Smalling,eng ENG,DF,Manchester Utd,25,1989,35,35,3150,0,1,0,0,8,0,0.00,0.03,0.03,0.00,0.03,Matches
481,Adam Smith\Adam-Smith,eng ENG,DF,Bournemouth,24,1991,31,22,2100,2,0,0,0,5,0,0.09,0.00,0.09,0.09,0.09,Matches
482,Brad Smith\Brad-Smith,au AUS,DF,Liverpool,21,1994,4,3,286,0,0,0,0,2,1,0.00,0.00,0.00,0.00,0.00,Matches
483,Cédric Soares\Cedric-Soares,pt POR,DFMF,Southampton,23,1991,24,23,1965,0,2,0,0,3,0,0.00,0.09,0.09,0.00,0.09,Matches
484,Alex Song\Alex-Song,cm CMR,MF,West Ham,27,1987,12,8,658,0,0,0,0,1,0,0.00,0.00,0.00,0.00,0.00,Matches
485,Pape Souaré\Pape-Souare,sn SEN,DF,Crystal Palace,25,1990,34,34,3015,0,1,0,0,6,1,0.00,0.03,0.03,0.00,0.03,Matches
486,Julián Speroni\Julian-Speroni,ar ARG,GK,Crystal Palace,36,1979,2,2,180,0,0,0,0,0,0,0.00,0.00,0.00,0.00,0.00,Matches
487,Junior Stanislas\Junior-Stanislas,eng ENG,MF,Bournemouth,25,1989,21,17,1435,3,2,0,0,1,0,0.19,0.13,0.31,0.19,0.31,Matches
488,Maarten Stekelenburg\Maarten-Stekelenburg,nl NED,GK,Southampton,32,1982,17,17,1530,0,0,0,0,0,0,0.00,0.00,0.00,0.00,0.00,Matches
489,Raheem Sterling\Raheem-Sterling,eng ENG,MF,Manchester City,20,1994,31,23,1920,6,2,0,0,1,0,0.28,0.09,0.37,0.28,0.37,Matches
490,Jamie Sterry\Jamie-Sterry,eng ENG,DF,Newcastle Utd,19,1995,1,0,7,0,0,0,0,0,0,0.00,0.00,0.00,0.00,0.00,Matches
491,Kevin Stewart\Kevin-Stewart,eng ENG,MF,Liverpool,21,1993,7,6,565,0,0,0,0,1,0,0.00,0.00,0.00,0.00,0.00,Matches
492,John Stones\John-Stones,eng ENG,DF,Everton,21,1994,33,31,2779,0,0,0,0,3,0,0.00,0.00,0.00,0.00,0.00,Matches
493,Daniel Sturridge\Daniel-Sturridge,eng ENG,FW,Liverpool,25,1989,14,11,978,8,1,0,0,0,0,0.74,0.09,0.83,0.74,0.83,Matches
494,Mario Suárez\Mario-Suarez,es ESP,MF,Watford,28,1987,15,8,749,0,0,0,0,2,0,0.00,0.00,0.00,0.00,0.00,Matches
495,Ki Sung-yueng\Ki-Sung-yueng,kr KOR,MF,Swansea City,26,1989,28,21,1850,2,1,0,0,4,0,0.10,0.05,0.15,0.10,0.15,Matches
496,Andrew Surman\Andrew-Surman,eng ENG,MF,Bournemouth,28,1986,38,38,3420,0,3,0,0,4,0,0.00,0.08,0.08,0.00,0.08,Matches
497,Dušan Tadić\Dusan-Tadic,rs SRB,MFFW,Southampton,26,1988,34,27,2279,8,12,1,1,2,0,0.32,0.47,0.79,0.28,0.75,Matches
498,Matt Targett\Matt-Targett,eng ENG,DFMF,Southampton,19,1995,14,13,1067,0,1,0,0,1,0,0.00,0.08,0.08,0.00,0.08,Matches
499,Neil Taylor\Neil-Taylor,wal WAL,DF,Swansea City,26,1989,34,33,2947,0,1,0,0,4,0,0.00,0.03,0.03,0.00,0.03,Matches
500,Steven Taylor\Steven-Taylor,eng ENG,DF,Newcastle Utd,29,1986,10,9,810,0,0,0,0,1,0,0.00,0.00,0.00,0.00,0.00,Matches
501,Dionatan Teixeira\Dionatan-Teixeira,br BRA,DF,Stoke City,23,1992,1,0,45,0,0,0,0,0,0,0.00,0.00,0.00,0.00,0.00,Matches
502,John Terry\John-Terry,eng ENG,DF,Chelsea,34,1980,24,24,1988,1,0,0,0,3,2,0.05,0.00,0.05,0.05,0.05,Matches
503,Alexander Tettey\Alexander-Tettey,no NOR,MF,Norwich City,29,1986,23,23,1949,2,0,0,0,10,0,0.09,0.00,0.09,0.09,0.09,Matches
504,Florian Thauvin\Florian-Thauvin,fr FRA,MF,Newcastle Utd,22,1993,13,3,427,0,0,0,0,1,0,0.00,0.00,0.00,0.00,0.00,Matches
505,Cheick Tioté\Cheick-Tiote,ci CIV,MF,Newcastle Utd,29,1986,20,16,1220,0,0,0,0,5,0,0.00,0.00,0.00,0.00,0.00,Matches
506,Ola Toivonen\Ola-Toivonen,se SWE,MF,Sunderland,29,1986,12,9,659,0,2,0,0,1,0,0.00,0.27,0.27,0.00,0.27,Matches
507,James Tomkins\James-Tomkins,eng ENG,DF,West Ham,26,1989,25,23,1961,0,0,0,0,3,0,0.00,0.00,0.00,0.00,0.00,Matches
508,Lee Tomlin\Lee-Tomlin,eng ENG,MF,Bournemouth,26,1989,6,3,290,0,0,0,0,1,0,0.00,0.00,0.00,0.00,0.00,Matches
509,Fikayo Tomori\Fikayo-Tomori,eng ENG,DF,Chelsea,17,1997,1,0,31,0,0,0,0,0,0,0.00,0.00,0.00,0.00,0.00,Matches
510,Kevin Toner\Kevin-Toner,ie IRL,DFMF,Aston Villa,19,1996,4,3,315,0,1,0,0,0,0,0.00,0.29,0.29,0.00,0.29,Matches
511,Ivan Toney\Ivan-Toney,eng ENG,FW,Newcastle Utd,19,1996,2,0,12,0,0,0,0,0,0,0.00,0.00,0.00,0.00,0.00,Matches
512,Kolo Touré\Kolo-Toure,ci CIV,DF,Liverpool,34,1981,14,9,858,1,0,0,0,1,0,0.10,0.00,0.10,0.10,0.10,Matches
513,Yaya Touré\Yaya-Toure,ci CIV,MF,Manchester City,32,1983,32,28,2325,6,5,1,1,3,0,0.23,0.19,0.43,0.19,0.39,Matches
514,Andros Townsend\Andros-Townsend,eng ENG,FWMF,Tottenham,24,1991,3,0,67,0,0,0,0,0,0,0.00,0.00,0.00,0.00,0.00,Matches
515,Andros Townsend\Andros-Townsend,eng ENG,MF,Newcastle Utd,24,1991,13,12,1087,4,2,0,0,0,0,0.33,0.17,0.50,0.33,0.50,Matches
516,Adama Traoré\Adama-Traore,es ESP,FWMF,Aston Villa,19,1996,10,0,193,0,1,0,0,1,0,0.00,0.47,0.47,0.00,0.47,Matches
517,Bertrand Traoré\Bertrand-Traore,bf BFA,FWMF,Chelsea,19,1995,10,4,375,2,1,0,0,0,0,0.48,0.24,0.72,0.48,0.72,Matches
518,Kieran Trippier\Kieran-Trippier,eng ENG,DF,Tottenham,24,1990,6,5,459,1,1,0,0,1,0,0.20,0.20,0.39,0.20,0.39,Matches
519,Leonardo Ulloa\Leonardo-Ulloa,ar ARG,FW,Leicester City,29,1986,29,7,984,6,1,1,1,0,0,0.55,0.09,0.64,0.46,0.55,Matches
520,Antonio Valencia\Antonio-Valencia,ec ECU,DF,Manchester Utd,29,1985,14,8,857,0,3,0,0,1,0,0.00,0.32,0.32,0.00,0.32,Matches
521,Enner Valencia\Enner-Valencia,ec ECU,FWMF,West Ham,25,1989,19,10,1009,4,2,0,0,1,0,0.36,0.18,0.54,0.36,0.54,Matches
522,Jamie Vardy\Jamie-Vardy,eng ENG,FW,Leicester City,28,1987,36,36,3133,24,6,5,6,6,1,0.69,0.17,0.86,0.55,0.72,Matches
523,Guillermo Varela\Guillermo-Varela,uy URU,DF,Manchester Utd,22,1993,4,3,315,0,0,0,0,1,0,0.00,0.00,0.00,0.00,0.00,Matches
524,Jordan Veretout\Jordan-Veretout,fr FRA,MF,Aston Villa,22,1993,25,21,1820,0,5,0,0,4,0,0.00,0.25,0.25,0.00,0.25,Matches
525,Jan Vertonghen\Jan-Vertonghen,be BEL,DF,Tottenham,28,1987,29,29,2594,0,0,0,0,5,0,0.00,0.00,0.00,0.00,0.00,Matches
526,Michel Vorm\Michel-Vorm,nl NED,GK,Tottenham,31,1983,1,1,90,0,0,0,0,0,0,0.00,0.00,0.00,0.00,0.00,Matches
527,Theo Walcott\Theo-Walcott,eng ENG,MFFW,Arsenal,26,1989,28,15,1373,5,2,0,0,0,0,0.33,0.13,0.46,0.33,0.46,Matches
528,Kyle Walker\Kyle-Walker,eng ENG,DF,Tottenham,25,1990,33,33,2941,1,3,0,0,7,0,0.03,0.09,0.12,0.03,0.12,Matches
529,Jonathan Walters\Jonathan-Walters,ie IRL,MFFW,Stoke City,31,1983,27,18,1728,5,3,0,0,1,0,0.26,0.16,0.42,0.26,0.42,Matches
530,Victor Wanyama\Victor-Wanyama,ke KEN,MF,Southampton,24,1991,30,29,2498,1,1,0,0,6,3,0.04,0.04,0.07,0.04,0.07,Matches
531,Danny Ward\Danny-Ward,wal WAL,GK,Liverpool,22,1993,2,2,180,0,0,0,0,0,0,0.00,0.00,0.00,0.00,0.00,Matches
532,Joel Ward\Joel-Ward,eng ENG,DF,Crystal Palace,25,1989,30,30,2691,2,1,0,0,4,0,0.07,0.03,0.10,0.07,0.10,Matches
533,James Ward-Prowse\James-Ward-Prowse,eng ENG,MF,Southampton,20,1994,33,14,1545,2,4,1,1,5,0,0.12,0.23,0.35,0.06,0.29,Matches
534,Marcin Wasilewski\Marcin-Wasilewski,pl POL,DF,Leicester City,35,1980,4,3,303,0,0,0,0,2,0,0.00,0.00,0.00,0.00,0.00,Matches
535,Duncan Watmore\Duncan-Watmore,eng ENG,MFFW,Sunderland,21,1994,23,7,919,3,1,0,0,0,0,0.29,0.10,0.39,0.29,0.39,Matches
536,Ben Watson\Ben-Watson,eng ENG,MF,Watford,30,1985,35,31,2816,2,0,0,0,5,0,0.06,0.00,0.06,0.06,0.06,Matches
537,James Weir\James-Weir,eng ENG,MF,Manchester Utd,19,1995,1,0,1,0,0,0,0,0,0,0.00,0.00,0.00,0.00,0.00,Matches
538,Danny Welbeck\Danny-Welbeck,eng ENG,FW,Arsenal,24,1990,11,7,575,4,2,0,0,1,0,0.63,0.31,0.94,0.63,0.94,Matches
539,Ashley Westwood\Ashley-Westwood,eng ENG,MF,Aston Villa,25,1990,32,31,2717,2,2,0,0,6,0,0.07,0.07,0.13,0.07,0.13,Matches
540,Glenn Whelan\Glenn-Whelan,ie IRL,MF,Stoke City,31,1984,37,37,3166,0,1,0,0,6,0,0.00,0.03,0.03,0.00,0.03,Matches
541,Steven Whittaker\Steven-Whittaker,sco SCO,DF,Norwich City,31,1984,8,8,661,1,0,0,0,2,1,0.14,0.00,0.14,0.14,0.14,Matches
542,Connor Wickham\Connor-Wickham,eng ENG,FW,Crystal Palace,22,1993,21,15,1320,5,3,1,1,1,0,0.34,0.20,0.55,0.27,0.48,Matches
543,Georginio Wijnaldum\Georginio-Wijnaldum,nl NED,MF,Newcastle Utd,24,1990,38,36,3163,11,5,1,1,1,0,0.31,0.14,0.46,0.28,0.43,Matches
544,Ashley Williams\Ashley-Williams,wal WAL,DF,Swansea City,30,1984,36,36,3240,2,1,0,0,8,0,0.06,0.03,0.08,0.06,0.08,Matches
545,Jonny Williams\Jonny-Williams,wal WAL,MF,Crystal Palace,21,1993,1,0,11,0,0,0,0,0,0,0.00,0.00,0.00,0.00,0.00,Matches
546,Willian\Willian,br BRA,MF,Chelsea,26,1988,35,32,2739,5,6,0,0,5,0,0.16,0.20,0.36,0.16,0.36,Matches
547,Jack Wilshere\Jack-Wilshere,eng ENG,MF,Arsenal,23,1992,3,1,142,0,0,0,0,0,0,0.00,0.00,0.00,0.00,0.00,Matches
548,Callum Wilson\Callum-Wilson,eng ENG,FWMF,Bournemouth,23,1992,13,9,771,5,0,1,1,0,0,0.58,0.00,0.58,0.47,0.47,Matches
549,James Wilson\James-Wilson,eng ENG,FW,Manchester Utd,19,1995,1,0,9,0,0,0,0,0,0,0.00,0.00,0.00,0.00,0.00,Matches
550,Marc Wilson\Marc-Wilson,ie IRL,DF,Stoke City,27,1987,4,1,261,0,0,0,0,0,0,0.00,0.00,0.00,0.00,0.00,Matches
551,Kevin Wimmer\Kevin-Wimmer,at AUT,DF,Tottenham,22,1992,10,9,812,0,0,0,0,2,0,0.00,0.00,0.00,0.00,0.00,Matches
552,Andre Wisdom\Andre-Wisdom,eng ENG,DF,Norwich City,22,1993,10,9,824,0,0,0,0,1,0,0.00,0.00,0.00,0.00,0.00,Matches
553,Philipp Wollscheid\Philipp-Wollscheid,de GER,DF,Stoke City,26,1989,31,30,2684,0,0,0,0,2,0,0.00,0.00,0.00,0.00,0.00,Matches
554,Claudio Yacob\Claudio-Yacob,ar ARG,MF,West Brom,28,1987,34,33,2846,0,1,0,0,9,0,0.00,0.03,0.03,0.00,0.03,Matches
555,DeAndre Yedlin\DeAndre-Yedlin,us USA,DFMF,Sunderland,22,1993,23,21,1811,0,1,0,0,2,0,0.00,0.05,0.05,0.00,0.05,Matches
556,Maya Yoshida\Maya-Yoshida,jp JPN,DFMF,Southampton,26,1988,20,10,1020,1,0,0,0,0,0,0.09,0.00,0.09,0.09,0.09,Matches
557,Ashley Young\Ashley-Young,eng ENG,DFMF,Manchester Utd,30,1985,18,11,1065,1,2,0,0,5,0,0.08,0.17,0.25,0.08,0.25,Matches
558,Pablo Zabaleta\Pablo-Zabaleta,ar ARG,DF,Manchester City,30,1985,13,12,1062,0,1,0,0,3,0,0.00,0.08,0.08,0.00,0.08,Matches
559,Wilfried Zaha\Wilfried-Zaha,ci CIV,MFFW,Crystal Palace,22,1992,34,30,2488,2,1,0,0,5,0,0.07,0.04,0.11,0.07,0.11,Matches
560,Mauro Zárate\Mauro-Zarate,ar ARG,MFFW,West Ham,28,1987,15,9,788,3,0,0,0,1,0,0.34,0.00,0.34,0.34,0.34,Matches
561,Kurt Zouma\Kurt-Zouma,fr FRA,DF,Chelsea,20,1994,23,21,1918,1,1,0,0,0,0,0.05,0.05,0.09,0.05,0.09,Matches